shard,n_workers,n_requested,n_ok,n_missing_404,n_failed,n_needing_retry,total_retries,elapsed_seconds,files_per_second,wire_mb_per_second,mean_wire_kb,mean_decoded_kb,compression_ratio
shard_000_00000.tar,8,2000,2000,0,0,2,2,214.6,9.32,1.26,135.1,592.1,4.38
shard_000_00001.tar,8,2000,2000,0,0,0,0,203.3,9.84,1.15,117.1,509.0,4.35
shard_000_00002.tar,8,2000,2000,0,0,0,0,200.5,9.97,1.2,120.1,524.1,4.36
shard_000_00003.tar,8,2000,2000,0,0,2,2,194.6,10.28,1.15,111.8,486.5,4.35
shard_000_00004.tar,8,2000,2000,0,0,0,0,180.7,11.07,1.09,98.7,425.5,4.31
shard_000_00005.tar,8,2000,2000,0,0,0,0,184.5,10.84,1.16,107.3,464.6,4.33
shard_000_00006.tar,8,2000,2000,0,0,0,0,177.9,11.24,1.13,100.9,435.1,4.31
shard_000_00007.tar,8,2000,2000,0,0,0,0,176.3,11.34,1.16,102.0,440.4,4.32
shard_000_00008.tar,8,2000,2000,0,0,0,0,210.0,9.52,1.46,152.8,673.8,4.41
shard_000_00009.tar,8,2000,2000,0,0,0,0,178.1,11.23,1.17,104.2,449.4,4.31
shard_000_00010.tar,8,2000,2000,0,0,0,0,181.9,10.99,1.25,113.6,494.8,4.36
shard_000_00011.tar,8,2000,2000,0,0,3,3,167.3,11.96,1.09,91.4,392.5,4.29
shard_000_00012.tar,8,2000,2000,0,0,3,3,181.7,11.01,1.14,103.1,445.0,4.31
shard_000_00013.tar,8,2000,2000,0,0,0,0,172.3,11.61,1.08,93.0,400.1,4.3
shard_000_00014.tar,8,2000,2000,0,0,0,0,187.8,10.65,1.28,120.1,523.7,4.36
shard_000_00015.tar,8,2000,2000,0,0,0,0,186.7,10.71,1.24,116.1,505.2,4.35
shard_000_00016.tar,8,2000,2000,0,0,0,0,174.9,11.44,1.15,100.5,433.2,4.31
shard_000_00017.tar,8,2000,2000,0,0,0,0,178.7,11.19,1.17,104.8,453.5,4.33
shard_000_00018.tar,8,2000,2000,0,0,2,2,186.7,10.71,1.23,115.1,500.1,4.35
shard_000_00019.tar,8,2000,2000,0,0,0,0,176.7,11.32,1.2,105.6,457.8,4.33
shard_000_00020.tar,8,2000,2000,0,0,0,0,161.0,12.42,1.03,82.5,352.1,4.27
shard_000_00021.tar,8,2000,2000,0,0,0,0,164.5,12.16,1.04,85.8,366.1,4.27
shard_000_00022.tar,8,2000,2000,0,0,0,0,197.4,10.13,1.36,134.3,589.1,4.39
shard_000_00023.tar,8,2000,2000,0,0,5,5,206.8,9.67,1.44,149.3,656.8,4.4
shard_000_00024.tar,8,2000,2000,0,0,2,2,204.6,9.78,1.38,141.4,621.1,4.39
shard_000_00025.tar,8,2000,2000,0,0,4,4,183.3,10.91,1.12,102.9,443.9,4.31
shard_000_00026.tar,8,2000,2000,0,0,0,0,180.1,11.11,1.09,98.2,423.2,4.31
shard_000_00027.tar,8,2000,2000,0,0,0,0,172.1,11.62,1.02,87.6,374.7,4.27
shard_000_00028.tar,8,2000,2000,0,0,0,0,189.7,10.54,1.32,125.1,547.7,4.38
shard_000_00029.tar,8,2000,2000,0,0,1,1,192.6,10.39,1.37,132.0,578.5,4.38
shard_000_00030.tar,8,2000,2000,0,0,2,2,194.4,10.29,1.29,125.4,547.4,4.37
shard_000_00031.tar,8,2000,2000,0,0,0,0,200.0,10.0,1.35,134.7,591.1,4.39
shard_000_00032.tar,8,2000,2000,0,0,1,1,188.3,10.62,1.24,117.2,511.1,4.36
shard_000_00033.tar,8,2000,2000,0,0,1,1,189.7,10.54,1.27,120.6,525.4,4.36
shard_000_00034.tar,8,2000,2000,0,0,0,0,189.1,10.57,1.25,118.0,513.2,4.35
shard_000_00035.tar,8,2000,2000,0,0,0,0,190.4,10.51,1.32,125.6,548.0,4.36
shard_000_00036.tar,8,2000,1999,1,0,0,0,196.0,10.2,1.32,129.6,567.0,4.37
shard_000_00037.tar,8,2000,1997,3,0,4,4,196.0,10.19,1.32,129.9,568.0,4.37
shard_000_00038.tar,8,2000,1999,1,0,7,7,196.0,10.2,1.29,126.3,551.5,4.37
shard_000_00039.tar,8,2000,1996,4,0,0,0,207.0,9.64,1.45,150.2,662.9,4.41
shard_000_00040.tar,8,2000,1995,5,0,0,0,206.2,9.67,1.42,147.2,648.8,4.41
shard_000_00041.tar,8,2000,2000,0,0,0,0,192.3,10.4,1.32,126.8,554.5,4.37
shard_000_00042.tar,8,2000,1994,6,0,0,0,202.0,9.87,1.43,145.0,638.2,4.4
shard_000_00043.tar,8,2000,1997,3,0,0,0,189.4,10.55,1.29,122.1,532.0,4.36
shard_000_00044.tar,8,2000,1999,1,0,0,0,187.3,10.67,1.29,121.2,527.6,4.35
shard_000_00045.tar,8,2000,1999,1,0,0,0,194.6,10.27,1.35,131.5,575.1,4.37
shard_000_00046.tar,8,2000,1999,1,0,4,4,196.6,10.17,1.44,141.3,621.2,4.4
shard_000_00047.tar,8,2000,2000,0,0,0,0,181.9,10.99,1.3,118.1,515.1,4.36
shard_000_00048.tar,8,2000,1998,2,0,0,0,196.8,10.15,1.43,141.0,619.8,4.4
shard_000_00049.tar,8,2000,2000,0,0,0,0,198.6,10.07,1.46,144.6,633.4,4.38
shard_000_00050.tar,8,2000,2000,0,0,0,0,204.2,9.79,1.53,156.2,683.9,4.38
shard_000_00051.tar,8,2000,2000,0,0,0,0,189.3,10.56,1.31,123.8,537.3,4.34
shard_000_00052.tar,8,2000,2000,0,0,0,0,187.9,10.64,1.26,118.4,512.2,4.32
shard_000_00053.tar,8,2000,2000,0,0,4,4,196.2,10.2,1.29,126.8,550.7,4.34
shard_000_00054.tar,8,2000,2000,0,0,0,0,188.1,10.63,1.24,116.7,504.2,4.32
shard_000_00055.tar,8,2000,2000,0,0,0,0,195.2,10.25,1.33,129.6,563.8,4.35
shard_000_00056.tar,8,2000,2000,0,0,1,1,186.6,10.72,1.25,116.7,504.8,4.32
shard_000_00057.tar,8,2000,2000,0,0,0,0,195.6,10.23,1.31,127.9,554.3,4.34
shard_000_00058.tar,8,2000,2000,0,0,0,0,192.9,10.37,1.35,130.2,567.0,4.36
shard_000_00059.tar,8,2000,1990,10,0,0,0,185.3,10.74,1.4,130.7,572.2,4.38
shard_000_00060.tar,8,2000,2000,0,0,0,0,190.9,10.47,1.3,124.5,543.8,4.37
shard_000_00061.tar,8,2000,2000,0,0,0,0,183.3,10.91,1.28,117.5,511.0,4.35
shard_000_00062.tar,8,2000,1997,3,0,2,2,187.8,10.64,1.41,132.6,581.2,4.38
shard_000_00063.tar,8,2000,2000,0,0,0,0,185.9,10.76,1.38,128.1,559.5,4.37
shard_000_00064.tar,8,2000,2000,0,0,0,0,186.7,10.71,1.37,128.2,561.2,4.38
shard_000_00065.tar,8,2000,2000,0,0,0,0,186.3,10.73,1.42,132.7,581.8,4.38
shard_000_00066.tar,8,2000,2000,0,0,2,2,193.4,10.34,1.47,142.0,624.6,4.4
shard_000_00067.tar,8,2000,2000,0,0,1,1,174.7,11.45,1.43,125.1,546.2,4.37
shard_000_00068.tar,8,2000,1998,2,0,0,0,194.8,10.26,1.52,148.1,652.6,4.41
shard_000_00069.tar,8,2000,2000,0,0,0,0,206.2,9.7,1.64,169.2,750.8,4.44
shard_000_00070.tar,8,2000,2000,0,0,0,0,200.0,10.0,1.41,141.4,622.2,4.4
shard_000_00071.tar,8,2000,2000,0,0,0,0,190.9,10.47,1.33,126.6,553.9,4.38
shard_000_00072.tar,8,2000,2000,0,0,0,0,201.8,9.91,1.41,142.6,627.8,4.4
shard_000_00073.tar,8,2000,2000,0,0,0,0,184.9,10.82,1.25,115.8,503.0,4.34
shard_000_00074.tar,8,2000,2000,0,0,0,0,186.3,10.73,1.26,117.5,510.7,4.35
shard_000_00075.tar,8,2000,2000,0,0,0,0,181.7,11.01,1.21,110.3,478.0,4.33
shard_000_00076.tar,8,2000,2000,0,0,0,0,193.0,10.37,1.38,133.1,583.6,4.38
shard_000_00077.tar,8,2000,2000,0,0,0,0,194.4,10.29,1.42,137.8,605.6,4.39
shard_000_00078.tar,8,2000,2000,0,0,0,0,203.0,9.85,1.49,151.1,666.5,4.41
shard_000_00079.tar,8,2000,2000,0,0,0,0,189.3,10.56,1.3,123.2,536.8,4.36
shard_000_00080.tar,8,2000,2000,0,0,0,0,187.4,10.67,1.41,132.4,579.1,4.37
shard_000_00081.tar,8,2000,2000,0,0,0,0,195.4,10.24,1.4,136.6,599.2,4.39
shard_000_00082.tar,8,2000,2000,0,0,0,0,184.5,10.84,1.25,115.4,501.3,4.35
shard_000_00083.tar,8,2000,2000,0,0,0,0,173.3,11.54,1.14,98.7,425.3,4.31
shard_000_00084.tar,8,2000,2000,0,0,0,0,175.9,11.37,1.22,107.6,466.6,4.34
shard_000_00085.tar,8,2000,2000,0,0,0,0,195.6,10.23,1.39,136.2,597.8,4.39
shard_000_00086.tar,8,2000,2000,0,0,0,0,188.6,10.6,1.33,125.2,546.4,4.36
shard_000_00087.tar,8,2000,2000,0,0,0,0,185.3,10.79,1.33,122.9,536.5,4.37
shard_000_00088.tar,8,2000,2000,0,0,0,0,188.7,10.6,1.43,135.2,592.4,4.38
shard_000_00089.tar,8,2000,2000,0,0,0,0,165.8,12.06,1.62,134.2,587.9,4.38
shard_000_00090.tar,8,2000,2000,0,0,1,1,203.2,9.84,1.44,145.8,636.8,4.37
shard_000_00091.tar,8,2000,2000,0,0,1,1,199.2,10.04,1.34,133.3,578.7,4.34
shard_000_00092.tar,8,2000,2000,0,0,0,0,194.9,10.26,1.3,126.7,548.7,4.33
shard_000_00093.tar,8,2000,2000,0,0,0,0,198.8,10.06,1.32,131.3,570.1,4.34
shard_000_00094.tar,8,2000,2000,0,0,1,1,193.9,10.31,1.28,124.4,538.8,4.33
shard_000_00095.tar,8,2000,2000,0,0,0,0,194.0,10.31,1.28,124.0,536.7,4.33
shard_000_00096.tar,8,2000,2000,0,0,0,0,198.8,10.06,1.35,134.1,582.2,4.34
shard_000_00097.tar,8,2000,2000,0,0,0,0,196.0,10.2,1.39,135.7,591.3,4.36
shard_000_00098.tar,8,2000,2000,0,0,1,1,187.6,10.66,1.46,137.2,602.2,4.39
shard_000_00099.tar,8,2000,2000,0,0,1,1,170.1,11.76,1.39,118.1,514.1,4.35
shard_000_00100.tar,8,2000,2000,0,0,1,1,176.5,11.33,1.46,128.4,561.0,4.37
shard_000_00101.tar,8,2000,2000,0,0,0,0,181.3,11.03,1.51,136.6,599.8,4.39
shard_000_00102.tar,8,2000,2000,0,0,0,0,182.7,10.94,1.51,138.2,606.7,4.39
shard_000_00103.tar,8,2000,2000,0,0,1,1,167.9,11.91,1.38,115.5,501.6,4.34
shard_000_00104.tar,8,2000,2000,0,0,0,0,183.5,10.9,1.43,130.8,572.1,4.37
shard_000_00105.tar,8,2000,2000,0,0,0,0,179.9,11.12,1.3,117.0,508.7,4.35
shard_000_00106.tar,8,2000,2000,0,0,0,0,191.5,10.44,1.43,137.1,601.4,4.39
shard_000_00107.tar,8,2000,2000,0,0,0,0,200.6,9.97,1.47,147.6,650.7,4.41
shard_000_00108.tar,8,2000,2000,0,0,0,0,204.2,9.8,1.4,142.6,627.2,4.4
shard_000_00109.tar,8,2000,2000,0,0,0,0,218.2,9.16,1.47,160.7,711.4,4.43
shard_000_00110.tar,8,2000,2000,0,0,0,0,218.4,9.16,1.5,163.7,725.4,4.43
shard_000_00111.tar,8,2000,2000,0,0,0,0,203.8,9.81,1.36,138.8,610.7,4.4
shard_000_00112.tar,8,2000,2000,0,0,0,0,181.3,11.03,1.66,150.2,662.9,4.41
shard_000_00113.tar,8,2000,2000,0,0,3,3,160.4,12.47,1.78,142.9,628.5,4.4
shard_000_00114.tar,8,2000,2000,0,0,0,0,155.4,12.87,1.65,128.6,562.5,4.38
shard_000_00115.tar,8,2000,2000,0,0,0,0,152.2,13.14,1.56,118.8,517.9,4.36
shard_000_00116.tar,8,2000,2000,0,0,0,0,159.4,12.54,1.64,130.7,571.1,4.37
shard_000_00117.tar,8,2000,2000,0,0,0,0,166.0,12.04,1.79,149.0,656.9,4.41
shard_000_00118.tar,8,2000,2000,0,0,1,1,160.2,12.48,1.84,147.2,648.9,4.41
shard_000_00119.tar,8,2000,2000,0,0,1,1,158.0,12.66,1.67,132.1,578.7,4.38
shard_000_00120.tar,8,2000,2000,0,0,0,0,162.6,12.3,1.77,143.6,632.2,4.4
shard_000_00121.tar,8,2000,2000,0,0,0,0,151.0,13.25,1.53,115.5,501.9,4.34
shard_000_00122.tar,8,2000,1998,2,0,1,1,165.9,12.05,1.52,126.1,549.6,4.36
shard_000_00123.tar,8,2000,2000,0,0,0,0,192.9,10.37,1.24,119.8,517.1,4.32
shard_000_00124.tar,8,2000,2000,0,0,1,1,195.1,10.25,1.26,123.1,531.9,4.32
shard_000_00125.tar,8,2000,2000,0,0,1,1,194.1,10.3,1.29,125.4,542.9,4.33
shard_000_00126.tar,8,2000,2000,0,0,1,1,185.7,10.77,1.19,110.3,474.5,4.3
shard_000_00127.tar,8,2000,2000,0,0,0,0,191.9,10.42,1.24,118.9,514.1,4.32
shard_000_00128.tar,8,2000,2000,0,0,0,0,201.6,9.92,1.37,138.3,600.1,4.34
shard_000_00129.tar,8,2000,2000,0,0,1,1,204.8,9.77,1.37,139.9,608.1,4.35
shard_000_00130.tar,8,2000,2000,0,0,0,0,202.6,9.87,1.39,140.5,610.9,4.35
shard_000_00131.tar,8,2000,2000,0,0,1,1,185.5,10.78,1.28,118.7,515.2,4.34
shard_000_00132.tar,8,2000,2000,0,0,2,2,176.1,11.36,1.21,106.1,459.4,4.33
shard_000_00133.tar,8,2000,2000,0,0,0,0,178.5,11.2,1.32,118.0,513.3,4.35
shard_000_00134.tar,8,2000,2000,0,0,0,0,180.7,11.07,1.38,125.1,546.0,4.36
shard_000_00135.tar,8,2000,2000,0,0,1,1,179.3,11.15,1.54,138.2,607.2,4.39
shard_000_00136.tar,8,2000,2000,0,0,0,0,175.5,11.4,1.44,126.0,550.5,4.37
shard_000_00137.tar,8,2000,2000,0,0,0,0,175.7,11.38,1.31,115.5,502.3,4.35
shard_000_00138.tar,8,2000,2000,0,0,0,0,189.3,10.56,1.33,126.3,551.3,4.37
shard_000_00139.tar,8,2000,2000,0,0,0,0,174.1,11.49,1.28,111.5,484.2,4.34
shard_000_00140.tar,8,2000,2000,0,0,0,0,172.5,11.6,1.76,151.7,670.3,4.42
shard_000_00141.tar,8,2000,1991,9,0,1,1,189.5,10.5,1.76,167.1,740.5,4.43
shard_000_00142.tar,8,2000,2000,0,0,0,0,199.4,10.03,1.41,140.7,618.1,4.39
shard_000_00143.tar,8,2000,2000,0,0,0,0,192.7,10.38,1.25,120.8,526.6,4.36
shard_000_00144.tar,8,2000,2000,0,0,1,1,189.1,10.57,1.25,118.6,516.1,4.35
shard_000_00145.tar,8,2000,2000,0,0,1,1,195.2,10.25,1.27,124.3,542.4,4.36
shard_000_00146.tar,8,2000,2000,0,0,0,0,195.1,10.25,1.29,126.0,550.6,4.37
shard_000_00147.tar,8,2000,2000,0,0,1,1,187.5,10.67,1.2,112.4,487.8,4.34
shard_000_00148.tar,8,2000,2000,0,0,0,0,195.2,10.25,1.29,125.9,550.7,4.37
shard_000_00149.tar,8,2000,2000,0,0,0,0,196.3,10.19,1.31,129.0,564.2,4.37
shard_000_00150.tar,8,2000,1998,2,0,0,0,201.2,9.93,1.3,130.5,571.0,4.37
shard_000_00151.tar,8,2000,1998,2,0,1,1,208.4,9.59,1.39,145.2,639.3,4.4
shard_000_00152.tar,8,2000,2000,0,0,0,0,161.4,12.39,1.73,139.8,614.4,4.39
shard_000_00153.tar,8,2000,2000,0,0,0,0,161.3,12.4,1.75,140.8,619.5,4.4
shard_000_00154.tar,8,2000,2000,0,0,0,0,167.2,11.96,1.93,161.7,714.9,4.42
shard_000_00155.tar,8,2000,2000,0,0,0,0,154.8,12.92,1.65,127.5,557.1,4.37
shard_000_00156.tar,8,2000,1985,15,0,1,1,159.0,12.48,1.61,129.0,563.9,4.37
shard_000_00157.tar,8,2000,1925,75,0,1,1,183.1,10.51,1.19,112.8,489.4,4.34
shard_000_00158.tar,8,2000,1883,117,0,0,0,184.1,10.23,1.2,117.6,511.5,4.35
shard_000_00159.tar,8,2000,1845,155,0,1,1,183.3,10.06,1.2,119.0,518.2,4.36
shard_000_00160.tar,8,2000,1821,179,0,0,0,188.0,9.69,1.28,132.0,577.9,4.38
shard_000_00161.tar,8,2000,1850,150,0,1,1,188.9,9.79,1.24,126.5,551.4,4.36
shard_000_00162.tar,8,2000,1996,4,0,1,1,197.8,10.09,1.28,126.4,547.0,4.33
shard_000_00163.tar,8,2000,2000,0,0,1,1,194.0,10.31,1.23,119.5,515.4,4.31
shard_000_00164.tar,8,2000,2000,0,0,0,0,196.8,10.16,1.28,126.2,545.5,4.32
shard_000_00165.tar,8,2000,2000,0,0,0,0,198.3,10.08,1.26,125.2,542.4,4.33
shard_000_00166.tar,8,2000,2000,0,0,0,0,199.2,10.04,1.27,126.4,546.9,4.33
shard_000_00167.tar,8,2000,2000,0,0,0,0,198.2,10.09,1.26,124.8,539.8,4.32
shard_000_00168.tar,8,2000,2000,0,0,0,0,201.8,9.91,1.31,132.2,571.4,4.32
shard_000_00169.tar,8,2000,2000,0,0,1,1,201.0,9.95,1.29,129.5,559.9,4.32
shard_000_00170.tar,8,2000,2000,0,0,1,1,189.3,10.56,1.49,141.5,621.7,4.39
shard_000_00171.tar,8,2000,2000,0,0,0,0,192.4,10.4,1.46,140.0,614.7,4.39
shard_000_00172.tar,8,2000,2000,0,0,0,0,193.2,10.35,1.44,138.8,610.1,4.39
shard_000_00173.tar,8,2000,2000,0,0,0,0,193.5,10.33,1.34,129.6,566.6,4.37
shard_000_00174.tar,8,2000,2000,0,0,0,0,204.0,9.8,1.33,135.9,595.3,4.38
shard_000_00175.tar,8,2000,2000,0,0,0,0,192.7,10.38,1.18,113.2,491.5,4.34
shard_000_00176.tar,8,2000,2000,0,0,2,2,197.8,10.11,1.26,124.5,543.5,4.37
shard_000_00177.tar,8,2000,2000,0,0,0,0,197.6,10.12,1.22,120.9,526.8,4.36
shard_000_00178.tar,8,2000,2000,0,0,0,0,197.0,10.15,1.28,126.3,551.4,4.37
shard_000_00179.tar,8,2000,2000,0,0,0,0,195.5,10.23,1.24,121.1,528.1,4.36
shard_000_00180.tar,8,2000,1998,2,0,0,0,201.0,9.94,1.34,134.8,590.8,4.38
shard_000_00181.tar,8,2000,2000,0,0,1,1,209.4,9.55,1.37,143.5,632.0,4.4
shard_000_00182.tar,8,2000,2000,0,0,0,0,195.4,10.24,1.25,122.2,533.3,4.37
shard_000_00183.tar,8,2000,1997,3,0,0,0,199.4,10.01,1.27,126.5,552.2,4.36
shard_000_00184.tar,8,2000,2000,0,0,0,0,192.5,10.39,1.27,122.1,532.8,4.36
shard_000_00185.tar,8,2000,2000,0,0,0,0,190.3,10.51,1.21,114.9,499.4,4.35
shard_000_00186.tar,8,2000,2000,0,0,0,0,209.2,9.56,1.41,147.4,649.3,4.41
shard_000_00187.tar,8,2000,2000,0,0,0,0,181.1,11.04,1.48,133.9,587.1,4.39
shard_000_00188.tar,8,2000,2000,0,0,0,0,186.3,10.73,1.38,128.5,562.0,4.37
shard_000_00189.tar,8,2000,2000,0,0,1,1,216.6,9.23,1.49,161.5,714.6,4.42
shard_000_00190.tar,8,2000,2000,0,0,0,0,201.2,9.94,1.43,143.8,633.3,4.4
shard_000_00191.tar,8,2000,2000,0,0,0,0,167.1,11.97,1.41,118.1,513.9,4.35
shard_000_00192.tar,8,2000,2000,0,0,0,0,200.6,9.97,1.38,138.7,609.8,4.4
shard_000_00193.tar,8,2000,2000,0,0,0,0,202.2,9.89,1.44,145.6,641.1,4.4
shard_000_00194.tar,8,2000,2000,0,0,0,0,187.7,10.65,1.35,126.6,553.7,4.37
shard_000_00195.tar,8,2000,2000,0,0,0,0,213.8,9.35,1.48,158.0,698.7,4.42
shard_000_00196.tar,8,2000,2000,0,0,1,1,180.7,11.07,1.46,131.7,576.1,4.38
shard_000_00197.tar,8,2000,2000,0,0,0,0,172.7,11.58,1.4,120.6,525.5,4.36
shard_000_00198.tar,8,2000,2000,0,0,1,1,172.7,11.58,1.27,109.3,473.5,4.33
shard_000_00199.tar,8,2000,2000,0,0,0,0,185.1,10.8,1.3,120.3,524.2,4.36
shard_000_00200.tar,8,2000,2000,0,0,0,0,185.3,10.79,1.34,124.5,543.1,4.36
shard_000_00201.tar,8,2000,2000,0,0,0,0,180.5,11.08,1.15,103.4,446.8,4.32
shard_000_00202.tar,8,2000,2000,0,0,0,0,178.7,11.19,1.2,107.6,465.1,4.32
shard_000_00203.tar,8,2000,2000,0,0,0,0,183.7,10.89,1.27,116.5,505.7,4.34
shard_000_00204.tar,8,2000,2000,0,0,0,0,193.3,10.34,1.38,132.9,582.0,4.38
shard_000_00205.tar,8,2000,2000,0,0,0,0,167.7,11.93,1.49,124.6,544.4,4.37
shard_000_00206.tar,8,2000,2000,0,0,0,0,187.1,10.69,1.26,118.3,515.1,4.35
shard_000_00207.tar,8,2000,2000,0,0,0,0,191.5,10.44,1.19,114.3,496.8,4.35
shard_000_00208.tar,8,2000,2000,0,0,1,1,168.0,11.9,1.21,102.1,440.9,4.32
shard_000_00209.tar,8,2000,2000,0,0,0,0,184.5,10.84,1.36,125.3,546.7,4.36
shard_000_00210.tar,8,2000,2000,0,0,2,2,198.4,10.08,1.34,132.5,580.9,4.38
shard_000_00211.tar,8,2000,2000,0,0,0,0,186.7,10.71,1.35,126.1,550.8,4.37
shard_000_00212.tar,8,2000,2000,0,0,0,0,202.0,9.9,1.32,133.8,586.1,4.38
shard_000_00213.tar,8,2000,2000,0,0,0,0,198.1,10.09,1.34,133.1,582.8,4.38
shard_000_00214.tar,8,2000,2000,0,0,0,0,203.8,9.81,1.32,134.8,590.0,4.38
shard_000_00215.tar,8,2000,2000,0,0,0,0,197.4,10.13,1.28,126.7,553.0,4.36
shard_000_00216.tar,8,2000,2000,0,0,0,0,206.6,9.68,1.41,145.8,642.7,4.41
shard_000_00217.tar,8,2000,2000,0,0,1,1,197.3,10.13,1.29,127.5,557.3,4.37
shard_000_00218.tar,8,2000,2000,0,0,0,0,212.6,9.41,1.38,146.8,647.0,4.41
shard_000_00219.tar,8,2000,2000,0,0,1,1,199.2,10.04,1.34,133.8,586.5,4.38
shard_000_00220.tar,8,2000,2000,0,0,0,0,202.8,9.86,1.25,127.2,556.5,4.37
shard_000_00221.tar,8,2000,2000,0,0,0,0,209.4,9.55,1.36,142.0,624.6,4.4
shard_000_00222.tar,8,2000,2000,0,0,0,0,198.9,10.05,1.19,118.8,517.3,4.35
shard_000_00223.tar,8,2000,2000,0,0,0,0,205.8,9.72,1.24,127.8,558.1,4.37
shard_000_00224.tar,8,2000,2000,0,0,1,1,196.1,10.2,1.2,117.5,510.9,4.35
shard_000_00225.tar,8,2000,2000,0,0,0,0,193.3,10.35,1.12,108.5,470.2,4.33
shard_000_00226.tar,8,2000,2000,0,0,0,0,205.0,9.76,1.27,130.3,570.5,4.38
shard_000_00227.tar,8,2000,2000,0,0,0,0,207.0,9.66,1.3,134.2,588.0,4.38
shard_000_00228.tar,8,2000,2000,0,0,0,0,204.8,9.77,1.27,130.5,570.2,4.37
shard_000_00229.tar,8,2000,2000,0,0,1,1,202.2,9.89,1.23,124.4,542.6,4.36
shard_000_00230.tar,8,2000,2000,0,0,1,1,199.7,10.01,1.2,120.2,523.4,4.36
shard_000_00231.tar,8,2000,2000,0,0,0,0,188.5,10.61,1.13,106.1,459.3,4.33
shard_000_00232.tar,8,2000,2000,0,0,0,0,204.1,9.8,1.26,128.3,561.5,4.38
shard_000_00233.tar,8,2000,2000,0,0,0,0,200.2,9.99,1.25,125.6,549.1,4.37
shard_000_00234.tar,8,2000,2000,0,0,0,0,200.0,10.0,1.27,126.5,553.5,4.37
shard_000_00235.tar,8,2000,2000,0,0,0,0,195.9,10.21,1.19,117.0,509.7,4.36
shard_000_00236.tar,8,2000,2000,0,0,0,0,195.9,10.21,1.26,123.1,538.2,4.37
shard_000_00237.tar,8,2000,2000,0,0,1,1,197.7,10.11,1.24,123.1,537.9,4.37
shard_000_00238.tar,8,2000,2000,0,0,0,0,196.9,10.15,1.24,121.9,531.8,4.36
shard_000_00239.tar,8,2000,2000,0,0,0,0,194.2,10.3,1.22,118.0,513.9,4.35
shard_000_00240.tar,8,2000,2000,0,0,0,0,196.5,10.18,1.2,118.2,514.3,4.35
shard_000_00241.tar,8,2000,2000,0,0,0,0,199.4,10.03,1.25,124.7,545.0,4.37
shard_000_00242.tar,8,2000,2000,0,0,0,0,201.6,9.92,1.28,128.6,561.9,4.37
shard_000_00243.tar,8,2000,2000,0,0,1,1,203.0,9.85,1.28,130.1,569.1,4.37
shard_000_00244.tar,8,2000,2000,0,0,1,1,201.2,9.94,1.3,130.5,572.8,4.39
shard_000_00245.tar,8,2000,2000,0,0,1,1,209.2,9.56,1.34,140.1,616.0,4.4
shard_000_00246.tar,8,2000,1999,1,0,0,0,200.6,9.97,1.27,127.2,556.5,4.37
shard_000_00247.tar,8,2000,1999,1,0,0,0,202.6,9.87,1.26,128.0,559.6,4.37
shard_000_00248.tar,8,2000,1998,2,0,0,0,194.3,10.28,1.21,117.3,510.4,4.35
shard_000_00249.tar,8,2000,2000,0,0,1,1,202.0,9.9,1.24,125.3,546.6,4.36
shard_000_00250.tar,8,2000,2000,0,0,0,0,204.0,9.81,1.26,128.0,559.5,4.37
shard_000_00251.tar,8,2000,2000,0,0,0,0,195.0,10.26,1.23,119.5,520.8,4.36
shard_000_00252.tar,8,2000,2000,0,0,0,0,191.9,10.42,1.16,111.0,481.3,4.34
shard_000_00253.tar,8,2000,2000,0,0,0,0,191.1,10.46,1.14,109.3,473.4,4.33
shard_000_00254.tar,8,2000,2000,0,0,2,2,202.4,9.88,1.27,128.3,560.6,4.37
shard_000_00255.tar,8,2000,2000,0,0,0,0,199.0,10.05,1.29,128.7,562.5,4.37
shard_000_00256.tar,8,2000,2000,0,0,0,0,183.9,10.88,1.24,113.6,492.5,4.33
shard_000_00257.tar,8,2000,2000,0,0,0,0,198.3,10.08,1.35,134.0,585.8,4.37
shard_000_00258.tar,8,2000,2000,0,0,0,0,187.5,10.67,1.42,132.9,581.7,4.38
shard_000_00259.tar,8,2000,2000,0,0,0,0,203.4,9.84,1.3,132.4,577.4,4.36
shard_000_00260.tar,8,2000,2000,0,0,0,0,195.1,10.25,1.16,113.6,491.9,4.33
shard_000_00261.tar,8,2000,2000,0,0,0,0,189.7,10.54,1.26,119.1,517.7,4.35
shard_000_00262.tar,8,2000,2000,0,0,0,0,177.3,11.28,1.32,116.8,507.1,4.34
shard_000_00263.tar,8,2000,2000,0,0,0,0,194.6,10.28,1.17,113.8,493.5,4.34
shard_000_00264.tar,8,2000,2000,0,0,0,0,185.7,10.77,1.18,109.4,473.6,4.33
shard_000_00265.tar,8,2000,2000,0,0,1,1,195.3,10.24,1.26,123.2,535.6,4.35
shard_000_00266.tar,8,2000,2000,0,0,1,1,178.9,11.18,1.25,111.9,484.6,4.33
shard_000_00267.tar,8,2000,2000,0,0,0,0,197.9,10.11,1.25,123.3,536.2,4.35
shard_000_00268.tar,8,2000,2000,0,0,0,0,201.4,9.93,1.24,125.2,545.6,4.36
shard_000_00269.tar,8,2000,2000,0,0,0,0,185.7,10.77,1.3,121.0,525.5,4.34
shard_000_00270.tar,8,2000,2000,0,0,0,0,190.7,10.49,1.19,113.2,490.5,4.33
shard_000_00271.tar,8,2000,2000,0,0,0,0,186.9,10.7,1.16,108.4,468.1,4.32
shard_000_00272.tar,8,2000,2000,0,0,0,0,176.5,11.33,1.23,108.8,469.7,4.32
shard_000_00273.tar,8,2000,2000,0,0,0,0,194.1,10.3,1.2,116.7,506.0,4.33
shard_000_00274.tar,8,2000,2000,0,0,0,0,157.6,12.69,1.29,101.7,437.3,4.3
shard_000_00275.tar,8,2000,2000,0,0,0,0,195.6,10.23,1.22,119.3,518.6,4.35
shard_000_00276.tar,8,2000,2000,0,0,0,0,204.2,9.8,1.32,134.6,589.0,4.37
shard_000_00277.tar,8,2000,2000,0,0,1,1,195.2,10.25,1.31,127.4,554.4,4.35
shard_000_00278.tar,8,2000,2000,0,0,0,0,204.6,9.77,1.31,134.2,586.6,4.37
shard_000_00279.tar,8,2000,2000,0,0,0,0,206.8,9.67,1.33,137.0,598.7,4.37
shard_000_00280.tar,8,2000,2000,0,0,0,0,191.7,10.43,1.41,135.1,589.1,4.36
shard_000_00281.tar,8,2000,2000,0,0,0,0,201.0,9.95,1.3,130.5,569.4,4.36
shard_000_00282.tar,8,2000,2000,0,0,0,0,201.4,9.93,1.3,130.4,567.8,4.35
shard_000_00283.tar,8,2000,2000,0,0,0,0,187.9,10.64,1.26,118.3,512.8,4.33
shard_000_00284.tar,8,2000,2000,0,0,1,1,196.1,10.2,1.25,122.4,531.8,4.34
shard_000_00285.tar,8,2000,2000,0,0,0,0,195.7,10.22,1.2,117.1,506.9,4.33
shard_000_00286.tar,8,2000,2000,0,0,1,1,188.9,10.59,1.34,126.7,550.1,4.34
shard_000_00287.tar,8,2000,2000,0,0,0,0,198.5,10.07,1.31,130.2,566.1,4.35
shard_000_00288.tar,8,2000,2000,0,0,1,1,205.4,9.74,1.3,133.7,583.4,4.36
shard_000_00289.tar,8,2000,2000,0,0,0,0,205.2,9.75,1.32,135.4,591.3,4.37
shard_000_00290.tar,8,2000,2000,0,0,0,0,202.7,9.86,1.37,138.8,606.3,4.37
shard_000_00291.tar,8,2000,2000,0,0,0,0,204.8,9.77,1.37,140.1,611.7,4.37
shard_000_00292.tar,8,2000,2000,0,0,0,0,209.8,9.53,1.33,139.7,610.9,4.37
shard_000_00293.tar,8,2000,2000,0,0,0,0,219.2,9.12,1.45,158.4,700.4,4.42
shard_000_00294.tar,8,2000,2000,0,0,1,1,213.8,9.35,1.38,147.4,649.5,4.41
shard_000_00295.tar,8,2000,2000,0,0,0,0,204.8,9.77,1.35,137.8,605.2,4.39
shard_000_00296.tar,8,2000,2000,0,0,0,0,209.4,9.55,1.34,140.8,619.3,4.4
shard_000_00297.tar,8,2000,2000,0,0,0,0,209.4,9.55,1.4,146.3,644.3,4.4
shard_000_00298.tar,8,2000,2000,0,0,0,0,222.8,8.97,1.5,167.0,739.9,4.43
shard_000_00299.tar,8,2000,2000,0,0,0,0,210.8,9.49,1.44,152.0,670.7,4.41
shard_000_00300.tar,8,2000,2000,0,0,0,0,202.6,9.87,1.29,130.7,571.7,4.37
shard_000_00301.tar,8,2000,2000,0,0,0,0,197.4,10.13,1.24,122.2,532.1,4.35
shard_000_00302.tar,8,2000,2000,0,0,0,0,197.9,10.1,1.21,119.8,520.8,4.35
shard_000_00303.tar,8,2000,2000,0,0,0,0,195.4,10.24,1.21,118.5,515.7,4.35
shard_000_00304.tar,8,2000,2000,0,0,0,0,198.4,10.08,1.27,126.4,551.6,4.37
shard_000_00305.tar,8,2000,2000,0,0,0,0,193.9,10.31,1.21,117.6,511.9,4.35
shard_000_00306.tar,8,2000,2000,0,0,0,0,200.8,9.96,1.3,130.4,571.5,4.38
shard_000_00307.tar,8,2000,2000,0,0,0,0,199.2,10.04,1.3,129.9,569.5,4.38
shard_000_00308.tar,8,2000,2000,0,0,0,0,209.2,9.56,1.38,144.2,635.1,4.41
shard_000_00309.tar,8,2000,2000,0,0,0,0,208.8,9.58,1.39,145.4,640.8,4.41
shard_000_00310.tar,8,2000,2000,0,0,0,0,191.7,10.43,1.26,120.9,527.8,4.36
shard_000_00311.tar,8,2000,2000,0,0,0,0,201.4,9.93,1.32,132.8,581.0,4.37
shard_000_00312.tar,8,2000,2000,0,0,0,0,194.3,10.29,1.25,121.3,529.5,4.36
shard_000_00313.tar,8,2000,2000,0,0,0,0,217.1,9.21,1.44,155.9,689.2,4.42
shard_000_00314.tar,8,2000,2000,0,0,0,0,219.4,9.12,1.43,157.2,694.7,4.42
shard_000_00315.tar,8,2000,2000,0,0,0,0,199.6,10.02,1.3,129.5,567.0,4.38
shard_000_00316.tar,8,2000,2000,0,0,0,0,194.7,10.27,1.14,110.8,480.6,4.34
shard_000_00317.tar,8,2000,2000,0,0,0,0,201.6,9.92,1.27,128.5,561.2,4.37
shard_000_00318.tar,8,2000,2000,0,0,0,0,193.4,10.34,1.26,121.5,529.1,4.36
shard_000_00319.tar,8,2000,2000,0,0,0,0,194.3,10.29,1.22,118.3,514.6,4.35
shard_000_00320.tar,8,2000,2000,0,0,0,0,190.7,10.49,1.15,109.7,475.5,4.34
shard_000_00321.tar,8,2000,2000,0,0,0,0,199.1,10.04,1.26,125.1,545.3,4.36
shard_000_00322.tar,8,2000,2000,0,0,0,0,207.0,9.66,1.34,139.2,610.5,4.39
shard_000_00323.tar,8,2000,2000,0,0,0,0,196.7,10.17,1.29,126.9,555.2,4.38
shard_000_00324.tar,8,2000,2000,0,0,0,0,195.1,10.25,1.16,113.6,492.9,4.34
shard_000_00325.tar,8,2000,2000,0,0,0,0,181.3,11.03,1.13,102.7,443.7,4.32
shard_000_00326.tar,8,2000,2000,0,0,0,0,221.2,9.04,1.44,158.9,702.0,4.42
shard_000_00327.tar,8,2000,2000,0,0,0,0,216.6,9.23,1.45,157.3,695.2,4.42
shard_000_00328.tar,8,2000,2000,0,0,0,0,161.3,12.4,1.86,149.6,659.8,4.41
shard_000_00329.tar,8,2000,2000,0,0,0,0,205.2,9.75,1.35,138.2,607.6,4.4
shard_000_00330.tar,8,2000,2000,0,0,0,0,200.8,9.96,1.3,130.7,572.9,4.38
shard_000_00331.tar,8,2000,2000,0,0,0,0,125.1,15.98,1.84,115.3,501.3,4.35
shard_000_00332.tar,8,2000,2000,0,0,0,0,124.3,16.08,1.77,110.0,476.8,4.33
shard_000_00333.tar,8,2000,2000,0,0,0,0,125.5,15.93,1.88,118.0,513.2,4.35
shard_000_00334.tar,8,2000,2000,0,0,0,0,122.5,16.32,1.76,108.1,468.1,4.33
shard_000_00335.tar,8,2000,2000,0,0,0,0,126.7,15.78,2.02,127.8,558.6,4.37
shard_000_00336.tar,8,2000,2000,0,0,0,0,122.7,16.29,1.92,118.0,514.3,4.36
shard_000_00337.tar,8,2000,2000,0,0,0,0,119.7,16.7,1.79,107.3,464.7,4.33
shard_000_00338.tar,8,2000,2000,0,0,0,0,118.3,16.9,1.72,101.5,438.3,4.32
shard_000_00339.tar,8,2000,2000,0,0,0,0,120.1,16.65,1.8,108.0,467.8,4.33
shard_000_00340.tar,8,2000,2000,0,0,0,0,132.2,15.13,1.55,102.7,443.8,4.32
shard_000_00341.tar,8,2000,2000,0,0,0,0,188.5,10.61,1.1,103.6,447.9,4.32
shard_000_00342.tar,8,2000,2000,0,0,0,0,191.7,10.43,1.15,109.8,476.2,4.34
shard_000_00343.tar,8,2000,2000,0,0,0,0,200.6,9.97,1.23,123.3,537.7,4.36
shard_000_00344.tar,8,2000,2000,0,0,0,0,195.7,10.22,1.17,114.5,497.2,4.34
shard_000_00345.tar,8,2000,2000,0,0,0,0,196.7,10.17,1.19,117.3,510.8,4.35
shard_000_00346.tar,8,2000,2000,0,0,0,0,190.9,10.47,1.14,108.7,470.9,4.33
shard_000_00347.tar,8,2000,2000,0,0,0,0,181.5,11.02,1.08,98.0,422.1,4.31
shard_000_00348.tar,8,2000,2000,0,0,0,0,190.7,10.49,1.15,109.2,473.6,4.34
shard_000_00349.tar,8,2000,2000,0,0,0,0,194.9,10.26,1.21,117.8,512.8,4.35
shard_000_00350.tar,8,2000,2000,0,0,0,0,189.1,10.58,1.15,108.5,470.0,4.33
shard_000_00351.tar,8,2000,2000,0,0,0,0,192.3,10.4,1.13,108.9,471.7,4.33
shard_000_00352.tar,8,2000,2000,0,0,0,0,190.5,10.5,1.16,110.3,478.6,4.34
shard_000_00353.tar,8,2000,2000,0,0,0,0,196.0,10.21,1.21,118.3,514.9,4.35
shard_000_00354.tar,8,2000,2000,0,0,0,0,196.8,10.16,1.26,123.8,540.0,4.36
shard_000_00355.tar,8,2000,2000,0,0,0,0,203.8,9.81,1.29,131.6,576.1,4.38
shard_000_00356.tar,8,2000,2000,0,0,0,0,196.6,10.18,1.3,127.3,556.7,4.37
shard_000_00357.tar,8,2000,2000,0,0,0,0,187.1,10.69,1.11,104.0,449.9,4.33
shard_000_00358.tar,8,2000,2000,0,0,0,0,191.9,10.42,1.26,121.2,529.1,4.36
shard_000_00359.tar,8,2000,2000,0,0,0,0,181.7,11.01,1.14,103.5,447.4,4.32
shard_000_00360.tar,8,2000,2000,0,0,0,0,191.0,10.47,1.18,112.6,488.6,4.34
shard_000_00361.tar,8,2000,2000,0,0,0,0,186.7,10.71,1.16,108.2,468.9,4.33
shard_000_00362.tar,8,2000,2000,0,0,0,0,193.2,10.35,1.24,119.7,521.5,4.36
shard_000_00363.tar,8,2000,2000,0,0,0,0,187.5,10.67,1.18,110.2,478.6,4.34
shard_000_00364.tar,8,2000,2000,0,0,0,0,185.9,10.76,1.18,109.3,473.9,4.34
shard_000_00365.tar,8,2000,2000,0,0,0,0,185.5,10.78,1.13,105.0,454.2,4.33
shard_000_00366.tar,8,2000,2000,0,0,0,0,164.9,12.13,1.27,104.6,452.5,4.33
shard_000_00367.tar,8,2000,2000,0,0,0,0,219.2,9.12,1.51,165.0,730.7,4.43
shard_000_00368.tar,8,2000,2000,0,0,0,0,203.6,9.82,1.37,139.8,614.5,4.4
shard_000_00369.tar,8,2000,2000,0,0,0,0,164.8,12.13,1.66,136.8,600.2,4.39
shard_000_00370.tar,8,2000,2000,0,0,0,0,148.8,13.44,1.74,129.5,566.0,4.37
shard_000_00371.tar,8,2000,2000,0,0,0,0,140.8,14.2,1.85,130.1,569.0,4.37
shard_000_00372.tar,8,2000,2000,0,0,0,0,171.9,11.64,1.51,129.9,568.3,4.37
shard_000_00373.tar,8,2000,2000,0,0,0,0,140.4,14.25,1.82,127.5,556.6,4.37
shard_000_00374.tar,8,2000,2000,0,0,0,0,150.4,13.3,1.82,136.7,598.9,4.38
shard_000_00375.tar,8,2000,2000,0,0,0,0,158.6,12.61,1.62,128.7,562.8,4.37
shard_000_00376.tar,8,2000,2000,0,0,0,0,148.2,13.5,1.96,145.0,638.1,4.4
shard_000_00377.tar,8,2000,2000,0,0,0,0,212.2,9.42,1.55,164.4,728.1,4.43
shard_000_00378.tar,8,2000,2000,0,0,0,0,216.7,9.23,1.43,155.1,685.7,4.42
shard_000_00379.tar,8,2000,2000,0,0,2,2,201.4,9.93,1.23,124.3,543.3,4.37
shard_000_00380.tar,8,2000,2000,0,0,0,0,199.7,10.01,1.18,117.4,510.7,4.35
shard_000_00381.tar,8,2000,2000,0,0,0,0,207.6,9.63,1.26,130.9,573.0,4.38
shard_000_00382.tar,8,2000,2000,0,0,0,0,201.8,9.91,1.23,124.3,542.7,4.37
shard_000_00383.tar,8,2000,2000,0,0,0,0,206.2,9.7,1.3,133.6,585.7,4.38
shard_000_00384.tar,8,2000,2000,0,0,0,0,204.8,9.77,1.3,133.6,585.0,4.38
shard_000_00385.tar,8,2000,2000,0,0,0,0,223.8,8.93,1.44,161.0,712.5,4.42
shard_000_00386.tar,8,2000,2000,0,0,0,0,208.4,9.6,1.31,136.1,597.9,4.39
shard_000_00387.tar,8,2000,2000,0,0,0,0,207.2,9.65,1.36,140.6,618.1,4.4
shard_000_00388.tar,8,2000,2000,0,0,0,0,198.4,10.08,1.29,128.2,561.1,4.38
shard_000_00389.tar,8,2000,2000,0,0,0,0,194.1,10.3,1.19,115.5,502.5,4.35
shard_000_00390.tar,8,2000,2000,0,0,0,0,201.4,9.93,1.29,130.3,569.1,4.37
shard_000_00391.tar,8,2000,2000,0,0,0,0,195.7,10.22,1.24,121.2,527.9,4.36
shard_000_00392.tar,8,2000,2000,0,0,0,0,187.5,10.67,1.18,111.1,482.0,4.34
shard_000_00393.tar,8,2000,2000,0,0,0,0,197.6,10.12,1.26,124.3,542.5,4.36
shard_000_00394.tar,8,2000,2000,0,0,0,0,199.8,10.01,1.29,129.2,565.6,4.38
shard_000_00395.tar,8,2000,2000,0,0,0,0,197.4,10.13,1.26,124.7,544.6,4.37
shard_000_00396.tar,8,2000,2000,0,0,0,0,205.6,9.73,1.32,136.0,596.3,4.39
shard_000_00397.tar,8,2000,2000,0,0,0,0,196.5,10.18,1.29,126.3,551.6,4.37
shard_000_00398.tar,8,2000,2000,0,0,0,0,196.5,10.18,1.25,122.6,534.1,4.36
shard_000_00399.tar,8,2000,2000,0,0,0,0,191.4,10.45,1.22,116.8,507.5,4.35
shard_000_00400.tar,8,2000,2000,0,0,0,0,189.9,10.53,1.24,117.3,510.4,4.35
shard_000_00401.tar,8,2000,2000,0,0,0,0,198.2,10.09,1.32,130.5,569.7,4.36
shard_000_00402.tar,8,2000,2000,0,0,0,0,202.2,9.89,1.36,137.0,600.3,4.38
shard_000_00403.tar,8,2000,2000,0,0,0,0,195.2,10.25,1.27,124.0,540.3,4.36
shard_000_00404.tar,8,2000,2000,0,0,0,0,185.3,10.79,1.22,112.9,490.3,4.34
shard_000_00405.tar,8,2000,2000,0,0,0,0,206.8,9.67,1.44,148.4,654.3,4.41
shard_000_00406.tar,8,2000,2000,0,0,0,0,189.9,10.53,1.23,117.2,509.9,4.35
shard_000_00407.tar,8,2000,2000,0,0,0,0,182.9,10.93,1.16,106.3,460.1,4.33
shard_000_00408.tar,8,2000,2000,0,0,0,0,190.9,10.47,1.26,120.0,523.0,4.36
shard_000_00409.tar,8,2000,2000,0,0,0,0,193.1,10.35,1.29,124.9,545.5,4.37
shard_000_00410.tar,8,2000,2000,0,0,0,0,190.8,10.48,1.27,121.5,529.4,4.36
shard_000_00411.tar,8,2000,2000,0,0,0,0,197.6,10.12,1.31,129.4,564.8,4.37
shard_000_00412.tar,8,2000,2000,0,0,0,0,143.0,13.98,1.22,87.4,365.9,4.19
shard_000_00413.tar,8,2000,2000,0,0,0,0,115.7,17.28,1.56,90.1,361.7,4.01
shard_000_00414.tar,8,2000,2000,0,0,0,0,118.5,16.87,1.7,100.7,406.5,4.04
shard_000_00415.tar,8,2000,2000,0,0,0,0,119.3,16.76,1.81,107.8,437.1,4.05
shard_000_00416.tar,8,2000,2000,0,0,0,0,113.3,17.65,1.6,90.5,363.5,4.02
shard_000_00417.tar,8,2000,2000,0,0,0,0,111.5,17.93,1.36,75.9,301.4,3.97
shard_000_00418.tar,8,2000,2000,0,0,0,0,110.3,18.13,1.31,72.5,286.6,3.95
shard_000_00419.tar,8,2000,2000,0,0,0,0,117.9,16.96,1.52,89.7,359.8,4.01
shard_000_00420.tar,8,2000,2000,0,0,0,0,121.2,16.51,1.72,104.1,420.8,4.04
shard_000_00421.tar,8,2000,2000,0,0,0,0,124.3,16.08,1.94,120.5,490.3,4.07
shard_000_00422.tar,8,2000,2000,0,0,0,0,115.5,17.31,1.66,95.6,385.2,4.03
shard_000_00423.tar,8,2000,2000,0,0,0,0,110.1,18.16,1.36,75.1,297.7,3.97
shard_000_00424.tar,8,2000,2000,0,0,0,0,113.5,17.62,1.4,79.6,316.4,3.98
shard_000_00425.tar,8,2000,2000,0,0,0,0,116.1,17.22,1.58,91.8,368.3,4.01
shard_000_00426.tar,8,2000,2000,0,0,0,0,121.3,16.48,1.77,107.2,433.8,4.05
shard_000_00427.tar,8,2000,2000,0,0,0,0,125.7,15.91,1.99,125.3,510.7,4.08
shard_000_00428.tar,8,2000,2000,0,0,0,0,132.2,15.13,2.36,155.6,640.0,4.11
shard_000_00429.tar,8,2000,2000,0,0,0,0,143.6,13.93,2.87,205.7,854.5,4.15
shard_000_00430.tar,8,2000,2000,0,0,0,0,142.2,14.07,2.77,196.7,815.6,4.15
shard_000_00431.tar,8,2000,2000,0,0,0,0,145.2,13.78,2.98,216.6,901.9,4.16
shard_000_00432.tar,8,2000,2000,0,0,0,0,122.7,16.29,2.19,134.5,552.3,4.11
shard_000_00433.tar,8,2000,2000,0,0,0,0,108.1,18.5,1.33,71.8,284.3,3.96
shard_000_00434.tar,8,2000,2000,0,0,0,0,115.3,17.34,1.5,86.8,347.4,4.0
shard_000_00435.tar,8,2000,2000,0,0,0,0,119.3,16.76,1.72,102.6,414.4,4.04
shard_000_00436.tar,8,2000,2000,0,0,0,0,125.8,15.9,1.91,119.9,487.9,4.07
shard_000_00437.tar,8,2000,2000,0,0,0,0,132.2,15.13,2.26,149.4,613.4,4.11
shard_000_00438.tar,8,2000,2000,0,0,0,0,132.2,15.13,2.39,157.9,649.6,4.11
shard_000_00439.tar,8,2000,2000,0,0,0,0,119.9,16.67,1.86,111.5,452.8,4.06
shard_000_00440.tar,8,1010,1010,0,0,0,0,54.1,18.68,1.3,69.5,275.1,3.96
