shard,model_entity_id
shard_000_00036.tar,AF-0000000066887307
shard_000_00037.tar,AF-0000000066935247
shard_000_00037.tar,AF-0000000066940793
shard_000_00037.tar,AF-0000000066946060
shard_000_00038.tar,AF-0000000067007308
shard_000_00039.tar,AF-0000000067048323
shard_000_00039.tar,AF-0000000067077957
shard_000_00039.tar,AF-0000000067087971
shard_000_00039.tar,AF-0000000067089578
shard_000_00040.tar,AF-0000000067105333
shard_000_00040.tar,AF-0000000067108861
shard_000_00040.tar,AF-0000000067137285
shard_000_00040.tar,AF-0000000067143515
shard_000_00040.tar,AF-0000000067145298
shard_000_00042.tar,AF-0000000067186918
shard_000_00042.tar,AF-0000000067205835
shard_000_00042.tar,AF-0000000067210330
shard_000_00042.tar,AF-0000000067219525
shard_000_00042.tar,AF-0000000067220730
shard_000_00042.tar,AF-0000000067222395
shard_000_00043.tar,AF-0000000067259880
shard_000_00043.tar,AF-0000000067281140
shard_000_00043.tar,AF-0000000067282246
shard_000_00044.tar,AF-0000000067355998
shard_000_00045.tar,AF-0000000067387933
shard_000_00046.tar,AF-0000000067462199
shard_000_00048.tar,AF-0000000067535335
shard_000_00048.tar,AF-0000000067535493
shard_000_00059.tar,AF-0000000068091095
shard_000_00059.tar,AF-0000000068091170
shard_000_00059.tar,AF-0000000068091252
shard_000_00059.tar,AF-0000000068091273
shard_000_00059.tar,AF-0000000068091394
shard_000_00059.tar,AF-0000000068091731
shard_000_00059.tar,AF-0000000068091747
shard_000_00059.tar,AF-0000000068107472
shard_000_00059.tar,AF-0000000068107613
shard_000_00059.tar,AF-0000000068107667
shard_000_00062.tar,AF-0000000068243180
shard_000_00062.tar,AF-0000000068243279
shard_000_00062.tar,AF-0000000068243557
shard_000_00068.tar,AF-0000000068618146
shard_000_00068.tar,AF-0000000068618240
shard_000_00122.tar,AF-0000000072004465
shard_000_00122.tar,AF-0000000072025667
shard_000_00141.tar,AF-0000000073060736
shard_000_00141.tar,AF-0000000073060899
shard_000_00141.tar,AF-0000000073061274
shard_000_00141.tar,AF-0000000073061281
shard_000_00141.tar,AF-0000000073061377
shard_000_00141.tar,AF-0000000073076696
shard_000_00141.tar,AF-0000000073076712
shard_000_00141.tar,AF-0000000073077300
shard_000_00141.tar,AF-0000000073077455
shard_000_00150.tar,AF-0000000073505164
shard_000_00150.tar,AF-0000000073512543
shard_000_00151.tar,AF-0000000073607321
shard_000_00151.tar,AF-0000000073620418
shard_000_00156.tar,AF-0000000074003610
shard_000_00156.tar,AF-0000000074006907
shard_000_00156.tar,AF-0000000074011568
shard_000_00156.tar,AF-0000000074011928
shard_000_00156.tar,AF-0000000074014372
shard_000_00156.tar,AF-0000000074015508
shard_000_00156.tar,AF-0000000074015774
shard_000_00156.tar,AF-0000000074016375
shard_000_00156.tar,AF-0000000074017380
shard_000_00156.tar,AF-0000000074018212
shard_000_00156.tar,AF-0000000074020038
shard_000_00156.tar,AF-0000000074020482
shard_000_00156.tar,AF-0000000074020996
shard_000_00156.tar,AF-0000000074021339
shard_000_00156.tar,AF-0000000074022228
shard_000_00157.tar,AF-0000000074025329
shard_000_00157.tar,AF-0000000074026200
shard_000_00157.tar,AF-0000000074028378
shard_000_00157.tar,AF-0000000074029867
shard_000_00157.tar,AF-0000000074030122
shard_000_00157.tar,AF-0000000074030769
shard_000_00157.tar,AF-0000000074031850
shard_000_00157.tar,AF-0000000074031880
shard_000_00157.tar,AF-0000000074033420
shard_000_00157.tar,AF-0000000074033600
shard_000_00157.tar,AF-0000000074035991
shard_000_00157.tar,AF-0000000074036075
shard_000_00157.tar,AF-0000000074038063
shard_000_00157.tar,AF-0000000074038158
shard_000_00157.tar,AF-0000000074038730
shard_000_00157.tar,AF-0000000074039492
shard_000_00157.tar,AF-0000000074039546
shard_000_00157.tar,AF-0000000074039888
shard_000_00157.tar,AF-0000000074040239
shard_000_00157.tar,AF-0000000074040836
shard_000_00157.tar,AF-0000000074040998
shard_000_00157.tar,AF-0000000074041131
shard_000_00157.tar,AF-0000000074041516
shard_000_00157.tar,AF-0000000074041969
shard_000_00157.tar,AF-0000000074042097
shard_000_00157.tar,AF-0000000074042592
shard_000_00157.tar,AF-0000000074042763
shard_000_00157.tar,AF-0000000074042961
shard_000_00157.tar,AF-0000000074043265
shard_000_00157.tar,AF-0000000074043318
shard_000_00157.tar,AF-0000000074043479
shard_000_00157.tar,AF-0000000074043746
shard_000_00157.tar,AF-0000000074043945
shard_000_00157.tar,AF-0000000074044187
shard_000_00157.tar,AF-0000000074044263
shard_000_00157.tar,AF-0000000074044523
shard_000_00157.tar,AF-0000000074044603
shard_000_00157.tar,AF-0000000074045704
shard_000_00157.tar,AF-0000000074045711
shard_000_00157.tar,AF-0000000074046597
shard_000_00157.tar,AF-0000000074046931
shard_000_00157.tar,AF-0000000074047065
shard_000_00157.tar,AF-0000000074047197
shard_000_00157.tar,AF-0000000074047436
shard_000_00157.tar,AF-0000000074047888
shard_000_00157.tar,AF-0000000074048457
shard_000_00157.tar,AF-0000000074048581
shard_000_00157.tar,AF-0000000074048720
shard_000_00157.tar,AF-0000000074049470
shard_000_00157.tar,AF-0000000074049471
shard_000_00157.tar,AF-0000000074049836
shard_000_00157.tar,AF-0000000074050136
shard_000_00157.tar,AF-0000000074050280
shard_000_00157.tar,AF-0000000074050430
shard_000_00157.tar,AF-0000000074050618
shard_000_00157.tar,AF-0000000074051658
shard_000_00157.tar,AF-0000000074052760
shard_000_00157.tar,AF-0000000074052778
shard_000_00157.tar,AF-0000000074053209
shard_000_00157.tar,AF-0000000074053302
shard_000_00157.tar,AF-0000000074054286
shard_000_00157.tar,AF-0000000074054847
shard_000_00157.tar,AF-0000000074056414
shard_000_00157.tar,AF-0000000074058469
shard_000_00157.tar,AF-0000000074059309
shard_000_00157.tar,AF-0000000074059657
shard_000_00157.tar,AF-0000000074059808
shard_000_00157.tar,AF-0000000074060614
shard_000_00157.tar,AF-0000000074060622
shard_000_00157.tar,AF-0000000074060992
shard_000_00157.tar,AF-0000000074061174
shard_000_00157.tar,AF-0000000074061427
shard_000_00157.tar,AF-0000000074061516
shard_000_00157.tar,AF-0000000074061657
shard_000_00157.tar,AF-0000000074062278
shard_000_00158.tar,AF-0000000074065208
shard_000_00158.tar,AF-0000000074065257
shard_000_00158.tar,AF-0000000074066825
shard_000_00158.tar,AF-0000000074066863
shard_000_00158.tar,AF-0000000074066882
shard_000_00158.tar,AF-0000000074067749
shard_000_00158.tar,AF-0000000074068091
shard_000_00158.tar,AF-0000000074068353
shard_000_00158.tar,AF-0000000074069112
shard_000_00158.tar,AF-0000000074069539
shard_000_00158.tar,AF-0000000074069581
shard_000_00158.tar,AF-0000000074071204
shard_000_00158.tar,AF-0000000074071339
shard_000_00158.tar,AF-0000000074071453
shard_000_00158.tar,AF-0000000074071903
shard_000_00158.tar,AF-0000000074072145
shard_000_00158.tar,AF-0000000074072666
shard_000_00158.tar,AF-0000000074072901
shard_000_00158.tar,AF-0000000074072980
shard_000_00158.tar,AF-0000000074076574
shard_000_00158.tar,AF-0000000074076816
shard_000_00158.tar,AF-0000000074077182
shard_000_00158.tar,AF-0000000074077959
shard_000_00158.tar,AF-0000000074078354
shard_000_00158.tar,AF-0000000074080138
shard_000_00158.tar,AF-0000000074080612
shard_000_00158.tar,AF-0000000074081852
shard_000_00158.tar,AF-0000000074082379
shard_000_00158.tar,AF-0000000074082532
shard_000_00158.tar,AF-0000000074082932
shard_000_00158.tar,AF-0000000074087971
shard_000_00158.tar,AF-0000000074091112
shard_000_00158.tar,AF-0000000074091730
shard_000_00158.tar,AF-0000000074092039
shard_000_00158.tar,AF-0000000074092588
shard_000_00158.tar,AF-0000000074093302
shard_000_00158.tar,AF-0000000074094966
shard_000_00158.tar,AF-0000000074095149
shard_000_00158.tar,AF-0000000074096344
shard_000_00158.tar,AF-0000000074097597
shard_000_00158.tar,AF-0000000074099909
shard_000_00158.tar,AF-0000000074100382
shard_000_00158.tar,AF-0000000074101803
shard_000_00158.tar,AF-0000000074102904
shard_000_00158.tar,AF-0000000074104060
shard_000_00158.tar,AF-0000000074104074
shard_000_00158.tar,AF-0000000074105353
shard_000_00158.tar,AF-0000000074105751
shard_000_00158.tar,AF-0000000074106160
shard_000_00158.tar,AF-0000000074107296
shard_000_00158.tar,AF-0000000074108155
shard_000_00158.tar,AF-0000000074108924
shard_000_00158.tar,AF-0000000074109118
shard_000_00158.tar,AF-0000000074109927
shard_000_00158.tar,AF-0000000074110714
shard_000_00158.tar,AF-0000000074110772
shard_000_00158.tar,AF-0000000074110897
shard_000_00158.tar,AF-0000000074111776
shard_000_00158.tar,AF-0000000074111818
shard_000_00158.tar,AF-0000000074111988
shard_000_00158.tar,AF-0000000074112215
shard_000_00158.tar,AF-0000000074112450
shard_000_00158.tar,AF-0000000074112994
shard_000_00158.tar,AF-0000000074113258
shard_000_00158.tar,AF-0000000074114064
shard_000_00158.tar,AF-0000000074114121
shard_000_00158.tar,AF-0000000074114599
shard_000_00158.tar,AF-0000000074114994
shard_000_00158.tar,AF-0000000074115003
shard_000_00158.tar,AF-0000000074115113
shard_000_00158.tar,AF-0000000074115823
shard_000_00158.tar,AF-0000000074116452
shard_000_00158.tar,AF-0000000074118175
shard_000_00158.tar,AF-0000000074118797
shard_000_00158.tar,AF-0000000074119141
shard_000_00158.tar,AF-0000000074120947
shard_000_00158.tar,AF-0000000074122768
shard_000_00158.tar,AF-0000000074124699
shard_000_00158.tar,AF-0000000074126375
shard_000_00158.tar,AF-0000000074126456
shard_000_00158.tar,AF-0000000074126715
shard_000_00158.tar,AF-0000000074128566
shard_000_00158.tar,AF-0000000074129845
shard_000_00158.tar,AF-0000000074131277
shard_000_00158.tar,AF-0000000074131840
shard_000_00158.tar,AF-0000000074132431
shard_000_00158.tar,AF-0000000074133134
shard_000_00158.tar,AF-0000000074133143
shard_000_00158.tar,AF-0000000074133382
shard_000_00158.tar,AF-0000000074133474
shard_000_00158.tar,AF-0000000074133883
shard_000_00158.tar,AF-0000000074134162
shard_000_00158.tar,AF-0000000074136913
shard_000_00158.tar,AF-0000000074137311
shard_000_00158.tar,AF-0000000074138400
shard_000_00158.tar,AF-0000000074138419
shard_000_00158.tar,AF-0000000074139418
shard_000_00158.tar,AF-0000000074139603
shard_000_00158.tar,AF-0000000074139793
shard_000_00158.tar,AF-0000000074141236
shard_000_00158.tar,AF-0000000074141964
shard_000_00158.tar,AF-0000000074143028
shard_000_00158.tar,AF-0000000074143836
shard_000_00158.tar,AF-0000000074144211
shard_000_00158.tar,AF-0000000074144714
shard_000_00158.tar,AF-0000000074145040
shard_000_00158.tar,AF-0000000074145713
shard_000_00158.tar,AF-0000000074145919
shard_000_00158.tar,AF-0000000074145988
shard_000_00158.tar,AF-0000000074146029
shard_000_00158.tar,AF-0000000074146228
shard_000_00158.tar,AF-0000000074146303
shard_000_00158.tar,AF-0000000074146853
shard_000_00158.tar,AF-0000000074147048
shard_000_00158.tar,AF-0000000074147413
shard_000_00158.tar,AF-0000000074147568
shard_000_00158.tar,AF-0000000074148095
shard_000_00159.tar,AF-0000000074150232
shard_000_00159.tar,AF-0000000074150504
shard_000_00159.tar,AF-0000000074150971
shard_000_00159.tar,AF-0000000074151300
shard_000_00159.tar,AF-0000000074151736
shard_000_00159.tar,AF-0000000074152155
shard_000_00159.tar,AF-0000000074152424
shard_000_00159.tar,AF-0000000074152793
shard_000_00159.tar,AF-0000000074152843
shard_000_00159.tar,AF-0000000074153172
shard_000_00159.tar,AF-0000000074153633
shard_000_00159.tar,AF-0000000074153672
shard_000_00159.tar,AF-0000000074153825
shard_000_00159.tar,AF-0000000074154784
shard_000_00159.tar,AF-0000000074155211
shard_000_00159.tar,AF-0000000074155449
shard_000_00159.tar,AF-0000000074155579
shard_000_00159.tar,AF-0000000074155668
shard_000_00159.tar,AF-0000000074155816
shard_000_00159.tar,AF-0000000074155826
shard_000_00159.tar,AF-0000000074156453
shard_000_00159.tar,AF-0000000074156455
shard_000_00159.tar,AF-0000000074157205
shard_000_00159.tar,AF-0000000074157381
shard_000_00159.tar,AF-0000000074157411
shard_000_00159.tar,AF-0000000074157848
shard_000_00159.tar,AF-0000000074157933
shard_000_00159.tar,AF-0000000074158920
shard_000_00159.tar,AF-0000000074159255
shard_000_00159.tar,AF-0000000074160705
shard_000_00159.tar,AF-0000000074161078
shard_000_00159.tar,AF-0000000074162201
shard_000_00159.tar,AF-0000000074163704
shard_000_00159.tar,AF-0000000074164701
shard_000_00159.tar,AF-0000000074164919
shard_000_00159.tar,AF-0000000074165497
shard_000_00159.tar,AF-0000000074168458
shard_000_00159.tar,AF-0000000074168896
shard_000_00159.tar,AF-0000000074169703
shard_000_00159.tar,AF-0000000074170055
shard_000_00159.tar,AF-0000000074170360
shard_000_00159.tar,AF-0000000074172934
shard_000_00159.tar,AF-0000000074173061
shard_000_00159.tar,AF-0000000074173159
shard_000_00159.tar,AF-0000000074173591
shard_000_00159.tar,AF-0000000074173707
shard_000_00159.tar,AF-0000000074173975
shard_000_00159.tar,AF-0000000074174175
shard_000_00159.tar,AF-0000000074174409
shard_000_00159.tar,AF-0000000074174596
shard_000_00159.tar,AF-0000000074174725
shard_000_00159.tar,AF-0000000074174793
shard_000_00159.tar,AF-0000000074175025
shard_000_00159.tar,AF-0000000074175186
shard_000_00159.tar,AF-0000000074175454
shard_000_00159.tar,AF-0000000074175632
shard_000_00159.tar,AF-0000000074175820
shard_000_00159.tar,AF-0000000074175949
shard_000_00159.tar,AF-0000000074176127
shard_000_00159.tar,AF-0000000074176242
shard_000_00159.tar,AF-0000000074176519
shard_000_00159.tar,AF-0000000074177465
shard_000_00159.tar,AF-0000000074177729
shard_000_00159.tar,AF-0000000074178059
shard_000_00159.tar,AF-0000000074178098
shard_000_00159.tar,AF-0000000074178399
shard_000_00159.tar,AF-0000000074178548
shard_000_00159.tar,AF-0000000074178678
shard_000_00159.tar,AF-0000000074178723
shard_000_00159.tar,AF-0000000074178868
shard_000_00159.tar,AF-0000000074178912
shard_000_00159.tar,AF-0000000074179166
shard_000_00159.tar,AF-0000000074180058
shard_000_00159.tar,AF-0000000074180102
shard_000_00159.tar,AF-0000000074180258
shard_000_00159.tar,AF-0000000074180687
shard_000_00159.tar,AF-0000000074180776
shard_000_00159.tar,AF-0000000074181029
shard_000_00159.tar,AF-0000000074181351
shard_000_00159.tar,AF-0000000074181363
shard_000_00159.tar,AF-0000000074181463
shard_000_00159.tar,AF-0000000074181677
shard_000_00159.tar,AF-0000000074181761
shard_000_00159.tar,AF-0000000074181774
shard_000_00159.tar,AF-0000000074181841
shard_000_00159.tar,AF-0000000074181888
shard_000_00159.tar,AF-0000000074182134
shard_000_00159.tar,AF-0000000074182221
shard_000_00159.tar,AF-0000000074182495
shard_000_00159.tar,AF-0000000074182684
shard_000_00159.tar,AF-0000000074183259
shard_000_00159.tar,AF-0000000074183289
shard_000_00159.tar,AF-0000000074183670
shard_000_00159.tar,AF-0000000074183863
shard_000_00159.tar,AF-0000000074183965
shard_000_00159.tar,AF-0000000074184297
shard_000_00159.tar,AF-0000000074184408
shard_000_00159.tar,AF-0000000074184461
shard_000_00159.tar,AF-0000000074184599
shard_000_00159.tar,AF-0000000074185056
shard_000_00159.tar,AF-0000000074185327
shard_000_00159.tar,AF-0000000074185419
shard_000_00159.tar,AF-0000000074185597
shard_000_00159.tar,AF-0000000074185853
shard_000_00159.tar,AF-0000000074186230
shard_000_00159.tar,AF-0000000074186257
shard_000_00159.tar,AF-0000000074186769
shard_000_00159.tar,AF-0000000074186846
shard_000_00159.tar,AF-0000000074186881
shard_000_00159.tar,AF-0000000074187003
shard_000_00159.tar,AF-0000000074187186
shard_000_00159.tar,AF-0000000074187967
shard_000_00159.tar,AF-0000000074188007
shard_000_00159.tar,AF-0000000074188308
shard_000_00159.tar,AF-0000000074188586
shard_000_00159.tar,AF-0000000074188749
shard_000_00159.tar,AF-0000000074188829
shard_000_00159.tar,AF-0000000074188954
shard_000_00159.tar,AF-0000000074189089
shard_000_00159.tar,AF-0000000074189182
shard_000_00159.tar,AF-0000000074189237
shard_000_00159.tar,AF-0000000074189244
shard_000_00159.tar,AF-0000000074189395
shard_000_00159.tar,AF-0000000074189565
shard_000_00159.tar,AF-0000000074189721
shard_000_00159.tar,AF-0000000074189925
shard_000_00159.tar,AF-0000000074190158
shard_000_00159.tar,AF-0000000074190210
shard_000_00159.tar,AF-0000000074190414
shard_000_00159.tar,AF-0000000074190593
shard_000_00159.tar,AF-0000000074190700
shard_000_00159.tar,AF-0000000074190771
shard_000_00159.tar,AF-0000000074190791
shard_000_00159.tar,AF-0000000074190876
shard_000_00159.tar,AF-0000000074190882
shard_000_00159.tar,AF-0000000074190920
shard_000_00159.tar,AF-0000000074191332
shard_000_00159.tar,AF-0000000074191383
shard_000_00159.tar,AF-0000000074191514
shard_000_00159.tar,AF-0000000074191544
shard_000_00159.tar,AF-0000000074191751
shard_000_00159.tar,AF-0000000074191886
shard_000_00159.tar,AF-0000000074191957
shard_000_00159.tar,AF-0000000074192086
shard_000_00159.tar,AF-0000000074192160
shard_000_00159.tar,AF-0000000074192232
shard_000_00159.tar,AF-0000000074192285
shard_000_00159.tar,AF-0000000074192502
shard_000_00159.tar,AF-0000000074192725
shard_000_00159.tar,AF-0000000074193000
shard_000_00159.tar,AF-0000000074193125
shard_000_00159.tar,AF-0000000074193471
shard_000_00159.tar,AF-0000000074193472
shard_000_00159.tar,AF-0000000074193548
shard_000_00159.tar,AF-0000000074193705
shard_000_00160.tar,AF-0000000074194364
shard_000_00160.tar,AF-0000000074194516
shard_000_00160.tar,AF-0000000074194522
shard_000_00160.tar,AF-0000000074194545
shard_000_00160.tar,AF-0000000074194548
shard_000_00160.tar,AF-0000000074194573
shard_000_00160.tar,AF-0000000074194805
shard_000_00160.tar,AF-0000000074194813
shard_000_00160.tar,AF-0000000074194841
shard_000_00160.tar,AF-0000000074195285
shard_000_00160.tar,AF-0000000074195321
shard_000_00160.tar,AF-0000000074195778
shard_000_00160.tar,AF-0000000074195998
shard_000_00160.tar,AF-0000000074196106
shard_000_00160.tar,AF-0000000074196205
shard_000_00160.tar,AF-0000000074196531
shard_000_00160.tar,AF-0000000074196597
shard_000_00160.tar,AF-0000000074196668
shard_000_00160.tar,AF-0000000074196842
shard_000_00160.tar,AF-0000000074196863
shard_000_00160.tar,AF-0000000074197620
shard_000_00160.tar,AF-0000000074197768
shard_000_00160.tar,AF-0000000074198280
shard_000_00160.tar,AF-0000000074198322
shard_000_00160.tar,AF-0000000074198742
shard_000_00160.tar,AF-0000000074198775
shard_000_00160.tar,AF-0000000074198980
shard_000_00160.tar,AF-0000000074199391
shard_000_00160.tar,AF-0000000074199414
shard_000_00160.tar,AF-0000000074199475
shard_000_00160.tar,AF-0000000074199531
shard_000_00160.tar,AF-0000000074199575
shard_000_00160.tar,AF-0000000074200145
shard_000_00160.tar,AF-0000000074200402
shard_000_00160.tar,AF-0000000074200579
shard_000_00160.tar,AF-0000000074200829
shard_000_00160.tar,AF-0000000074201141
shard_000_00160.tar,AF-0000000074201449
shard_000_00160.tar,AF-0000000074201821
shard_000_00160.tar,AF-0000000074201972
shard_000_00160.tar,AF-0000000074202130
shard_000_00160.tar,AF-0000000074202242
shard_000_00160.tar,AF-0000000074202385
shard_000_00160.tar,AF-0000000074202577
shard_000_00160.tar,AF-0000000074203128
shard_000_00160.tar,AF-0000000074203241
shard_000_00160.tar,AF-0000000074203266
shard_000_00160.tar,AF-0000000074203313
shard_000_00160.tar,AF-0000000074203379
shard_000_00160.tar,AF-0000000074203387
shard_000_00160.tar,AF-0000000074203475
shard_000_00160.tar,AF-0000000074203748
shard_000_00160.tar,AF-0000000074203749
shard_000_00160.tar,AF-0000000074203753
shard_000_00160.tar,AF-0000000074204020
shard_000_00160.tar,AF-0000000074204023
shard_000_00160.tar,AF-0000000074204135
shard_000_00160.tar,AF-0000000074204197
shard_000_00160.tar,AF-0000000074204200
shard_000_00160.tar,AF-0000000074204853
shard_000_00160.tar,AF-0000000074204898
shard_000_00160.tar,AF-0000000074205069
shard_000_00160.tar,AF-0000000074206752
shard_000_00160.tar,AF-0000000074206943
shard_000_00160.tar,AF-0000000074207037
shard_000_00160.tar,AF-0000000074207444
shard_000_00160.tar,AF-0000000074207703
shard_000_00160.tar,AF-0000000074207822
shard_000_00160.tar,AF-0000000074208912
shard_000_00160.tar,AF-0000000074209081
shard_000_00160.tar,AF-0000000074209152
shard_000_00160.tar,AF-0000000074209218
shard_000_00160.tar,AF-0000000074209697
shard_000_00160.tar,AF-0000000074210035
shard_000_00160.tar,AF-0000000074211229
shard_000_00160.tar,AF-0000000074211230
shard_000_00160.tar,AF-0000000074211371
shard_000_00160.tar,AF-0000000074211842
shard_000_00160.tar,AF-0000000074212293
shard_000_00160.tar,AF-0000000074212668
shard_000_00160.tar,AF-0000000074213404
shard_000_00160.tar,AF-0000000074213730
shard_000_00160.tar,AF-0000000074213774
shard_000_00160.tar,AF-0000000074214552
shard_000_00160.tar,AF-0000000074214817
shard_000_00160.tar,AF-0000000074215014
shard_000_00160.tar,AF-0000000074215034
shard_000_00160.tar,AF-0000000074215352
shard_000_00160.tar,AF-0000000074215826
shard_000_00160.tar,AF-0000000074215910
shard_000_00160.tar,AF-0000000074215976
shard_000_00160.tar,AF-0000000074216233
shard_000_00160.tar,AF-0000000074216523
shard_000_00160.tar,AF-0000000074217917
shard_000_00160.tar,AF-0000000074217927
shard_000_00160.tar,AF-0000000074218003
shard_000_00160.tar,AF-0000000074218041
shard_000_00160.tar,AF-0000000074218614
shard_000_00160.tar,AF-0000000074219550
shard_000_00160.tar,AF-0000000074221144
shard_000_00160.tar,AF-0000000074221225
shard_000_00160.tar,AF-0000000074222249
shard_000_00160.tar,AF-0000000074222269
shard_000_00160.tar,AF-0000000074222425
shard_000_00160.tar,AF-0000000074222451
shard_000_00160.tar,AF-0000000074223502
shard_000_00160.tar,AF-0000000074224148
shard_000_00160.tar,AF-0000000074224361
shard_000_00160.tar,AF-0000000074225055
shard_000_00160.tar,AF-0000000074225071
shard_000_00160.tar,AF-0000000074225260
shard_000_00160.tar,AF-0000000074225319
shard_000_00160.tar,AF-0000000074225523
shard_000_00160.tar,AF-0000000074225543
shard_000_00160.tar,AF-0000000074225734
shard_000_00160.tar,AF-0000000074225766
shard_000_00160.tar,AF-0000000074226064
shard_000_00160.tar,AF-0000000074226451
shard_000_00160.tar,AF-0000000074226540
shard_000_00160.tar,AF-0000000074226899
shard_000_00160.tar,AF-0000000074227023
shard_000_00160.tar,AF-0000000074227640
shard_000_00160.tar,AF-0000000074227726
shard_000_00160.tar,AF-0000000074227812
shard_000_00160.tar,AF-0000000074227996
shard_000_00160.tar,AF-0000000074228257
shard_000_00160.tar,AF-0000000074228322
shard_000_00160.tar,AF-0000000074228337
shard_000_00160.tar,AF-0000000074228389
shard_000_00160.tar,AF-0000000074228571
shard_000_00160.tar,AF-0000000074228816
shard_000_00160.tar,AF-0000000074229136
shard_000_00160.tar,AF-0000000074229301
shard_000_00160.tar,AF-0000000074229371
shard_000_00160.tar,AF-0000000074229512
shard_000_00160.tar,AF-0000000074229600
shard_000_00160.tar,AF-0000000074229615
shard_000_00160.tar,AF-0000000074229668
shard_000_00160.tar,AF-0000000074229937
shard_000_00160.tar,AF-0000000074230021
shard_000_00160.tar,AF-0000000074230243
shard_000_00160.tar,AF-0000000074230384
shard_000_00160.tar,AF-0000000074230738
shard_000_00160.tar,AF-0000000074230782
shard_000_00160.tar,AF-0000000074230903
shard_000_00160.tar,AF-0000000074231001
shard_000_00160.tar,AF-0000000074231287
shard_000_00160.tar,AF-0000000074231760
shard_000_00160.tar,AF-0000000074232185
shard_000_00160.tar,AF-0000000074232476
shard_000_00160.tar,AF-0000000074232587
shard_000_00160.tar,AF-0000000074232612
shard_000_00160.tar,AF-0000000074232940
shard_000_00160.tar,AF-0000000074232972
shard_000_00160.tar,AF-0000000074233637
shard_000_00160.tar,AF-0000000074233828
shard_000_00160.tar,AF-0000000074234585
shard_000_00160.tar,AF-0000000074234804
shard_000_00160.tar,AF-0000000074234897
shard_000_00160.tar,AF-0000000074234938
shard_000_00160.tar,AF-0000000074235437
shard_000_00160.tar,AF-0000000074235554
shard_000_00160.tar,AF-0000000074235956
shard_000_00160.tar,AF-0000000074236024
shard_000_00160.tar,AF-0000000074236076
shard_000_00160.tar,AF-0000000074236276
shard_000_00160.tar,AF-0000000074236360
shard_000_00160.tar,AF-0000000074237138
shard_000_00160.tar,AF-0000000074237405
shard_000_00160.tar,AF-0000000074238654
shard_000_00160.tar,AF-0000000074238746
shard_000_00160.tar,AF-0000000074239085
shard_000_00160.tar,AF-0000000074239287
shard_000_00160.tar,AF-0000000074239629
shard_000_00160.tar,AF-0000000074239915
shard_000_00160.tar,AF-0000000074240141
shard_000_00160.tar,AF-0000000074240368
shard_000_00160.tar,AF-0000000074240497
shard_000_00160.tar,AF-0000000074240674
shard_000_00161.tar,AF-0000000074240899
shard_000_00161.tar,AF-0000000074241024
shard_000_00161.tar,AF-0000000074241194
shard_000_00161.tar,AF-0000000074241434
shard_000_00161.tar,AF-0000000074241762
shard_000_00161.tar,AF-0000000074242144
shard_000_00161.tar,AF-0000000074242329
shard_000_00161.tar,AF-0000000074242474
shard_000_00161.tar,AF-0000000074242610
shard_000_00161.tar,AF-0000000074243074
shard_000_00161.tar,AF-0000000074243082
shard_000_00161.tar,AF-0000000074243154
shard_000_00161.tar,AF-0000000074243235
shard_000_00161.tar,AF-0000000074243889
shard_000_00161.tar,AF-0000000074244024
shard_000_00161.tar,AF-0000000074244071
shard_000_00161.tar,AF-0000000074244132
shard_000_00161.tar,AF-0000000074244385
shard_000_00161.tar,AF-0000000074244680
shard_000_00161.tar,AF-0000000074244792
shard_000_00161.tar,AF-0000000074244918
shard_000_00161.tar,AF-0000000074244958
shard_000_00161.tar,AF-0000000074245337
shard_000_00161.tar,AF-0000000074245375
shard_000_00161.tar,AF-0000000074246124
shard_000_00161.tar,AF-0000000074246769
shard_000_00161.tar,AF-0000000074247380
shard_000_00161.tar,AF-0000000074247870
shard_000_00161.tar,AF-0000000074247924
shard_000_00161.tar,AF-0000000074248064
shard_000_00161.tar,AF-0000000074248092
shard_000_00161.tar,AF-0000000074248313
shard_000_00161.tar,AF-0000000074248429
shard_000_00161.tar,AF-0000000074248745
shard_000_00161.tar,AF-0000000074248929
shard_000_00161.tar,AF-0000000074249035
shard_000_00161.tar,AF-0000000074249692
shard_000_00161.tar,AF-0000000074249994
shard_000_00161.tar,AF-0000000074250089
shard_000_00161.tar,AF-0000000074250269
shard_000_00161.tar,AF-0000000074250574
shard_000_00161.tar,AF-0000000074250875
shard_000_00161.tar,AF-0000000074250926
shard_000_00161.tar,AF-0000000074251198
shard_000_00161.tar,AF-0000000074251583
shard_000_00161.tar,AF-0000000074252260
shard_000_00161.tar,AF-0000000074252278
shard_000_00161.tar,AF-0000000074252560
shard_000_00161.tar,AF-0000000074252680
shard_000_00161.tar,AF-0000000074252860
shard_000_00161.tar,AF-0000000074253004
shard_000_00161.tar,AF-0000000074253025
shard_000_00161.tar,AF-0000000074253061
shard_000_00161.tar,AF-0000000074253524
shard_000_00161.tar,AF-0000000074253632
shard_000_00161.tar,AF-0000000074254222
shard_000_00161.tar,AF-0000000074254436
shard_000_00161.tar,AF-0000000074254440
shard_000_00161.tar,AF-0000000074254882
shard_000_00161.tar,AF-0000000074255002
shard_000_00161.tar,AF-0000000074255042
shard_000_00161.tar,AF-0000000074255101
shard_000_00161.tar,AF-0000000074255429
shard_000_00161.tar,AF-0000000074255619
shard_000_00161.tar,AF-0000000074255722
shard_000_00161.tar,AF-0000000074255747
shard_000_00161.tar,AF-0000000074255792
shard_000_00161.tar,AF-0000000074255892
shard_000_00161.tar,AF-0000000074256238
shard_000_00161.tar,AF-0000000074256265
shard_000_00161.tar,AF-0000000074256297
shard_000_00161.tar,AF-0000000074256415
shard_000_00161.tar,AF-0000000074256630
shard_000_00161.tar,AF-0000000074257001
shard_000_00161.tar,AF-0000000074258549
shard_000_00161.tar,AF-0000000074260676
shard_000_00161.tar,AF-0000000074260962
shard_000_00161.tar,AF-0000000074261520
shard_000_00161.tar,AF-0000000074262267
shard_000_00161.tar,AF-0000000074262349
shard_000_00161.tar,AF-0000000074262435
shard_000_00161.tar,AF-0000000074262591
shard_000_00161.tar,AF-0000000074262600
shard_000_00161.tar,AF-0000000074263015
shard_000_00161.tar,AF-0000000074263662
shard_000_00161.tar,AF-0000000074264293
shard_000_00161.tar,AF-0000000074264562
shard_000_00161.tar,AF-0000000074264951
shard_000_00161.tar,AF-0000000074265004
shard_000_00161.tar,AF-0000000074265095
shard_000_00161.tar,AF-0000000074265207
shard_000_00161.tar,AF-0000000074265501
shard_000_00161.tar,AF-0000000074265730
shard_000_00161.tar,AF-0000000074266081
shard_000_00161.tar,AF-0000000074267169
shard_000_00161.tar,AF-0000000074267348
shard_000_00161.tar,AF-0000000074267376
shard_000_00161.tar,AF-0000000074267681
shard_000_00161.tar,AF-0000000074267759
shard_000_00161.tar,AF-0000000074268975
shard_000_00161.tar,AF-0000000074269289
shard_000_00161.tar,AF-0000000074269326
shard_000_00161.tar,AF-0000000074269337
shard_000_00161.tar,AF-0000000074269736
shard_000_00161.tar,AF-0000000074269738
shard_000_00161.tar,AF-0000000074270261
shard_000_00161.tar,AF-0000000074270518
shard_000_00161.tar,AF-0000000074270984
shard_000_00161.tar,AF-0000000074270992
shard_000_00161.tar,AF-0000000074270993
shard_000_00161.tar,AF-0000000074271096
shard_000_00161.tar,AF-0000000074271247
shard_000_00161.tar,AF-0000000074271273
shard_000_00161.tar,AF-0000000074271691
shard_000_00161.tar,AF-0000000074272373
shard_000_00161.tar,AF-0000000074272516
shard_000_00161.tar,AF-0000000074273181
shard_000_00161.tar,AF-0000000074273235
shard_000_00161.tar,AF-0000000074273498
shard_000_00161.tar,AF-0000000074273622
shard_000_00161.tar,AF-0000000074273672
shard_000_00161.tar,AF-0000000074273856
shard_000_00161.tar,AF-0000000074273990
shard_000_00161.tar,AF-0000000074274136
shard_000_00161.tar,AF-0000000074274285
shard_000_00161.tar,AF-0000000074274308
shard_000_00161.tar,AF-0000000074275905
shard_000_00161.tar,AF-0000000074276039
shard_000_00161.tar,AF-0000000074276084
shard_000_00161.tar,AF-0000000074276092
shard_000_00161.tar,AF-0000000074276307
shard_000_00161.tar,AF-0000000074276518
shard_000_00161.tar,AF-0000000074276530
shard_000_00161.tar,AF-0000000074277321
shard_000_00161.tar,AF-0000000074279333
shard_000_00161.tar,AF-0000000074279341
shard_000_00161.tar,AF-0000000074279384
shard_000_00161.tar,AF-0000000074279414
shard_000_00161.tar,AF-0000000074279450
shard_000_00161.tar,AF-0000000074279689
shard_000_00161.tar,AF-0000000074279862
shard_000_00161.tar,AF-0000000074279930
shard_000_00161.tar,AF-0000000074280476
shard_000_00161.tar,AF-0000000074280478
shard_000_00161.tar,AF-0000000074280502
shard_000_00161.tar,AF-0000000074280766
shard_000_00161.tar,AF-0000000074280770
shard_000_00161.tar,AF-0000000074280915
shard_000_00161.tar,AF-0000000074286391
shard_000_00161.tar,AF-0000000074286585
shard_000_00162.tar,AF-0000000074288461
shard_000_00162.tar,AF-0000000074288466
shard_000_00162.tar,AF-0000000074288520
shard_000_00162.tar,AF-0000000074288588
shard_000_00180.tar,AF-0000000075476175
shard_000_00180.tar,AF-0000000075477022
shard_000_00183.tar,AF-0000000075596092
shard_000_00183.tar,AF-0000000075602761
shard_000_00183.tar,AF-0000000075625378
shard_000_00246.tar,AF-0000000079470239
shard_000_00247.tar,AF-0000000079471501
shard_000_00248.tar,AF-0000000079554159
shard_000_00248.tar,AF-0000000079569591
