dataset,window,byte_offset,n_rows,top_organism,top_organism_share,iptm_ge_0.8,authors_gate
homodimer,0,14991077,698,Mus musculus,0.0258,0.235,0.3811
homodimer,1,44973231,643,Staphylococcus aureus,0.0451,0.9798,0.9798
homodimer,2,74955385,681,Staphylococcus aureus,0.0543,0.1395,0.2731
homodimer,3,104937539,808,Staphylococcus aureus,0.0161,0.0,0.0012
homodimer,4,134919693,708,Escherichia coli,0.0551,0.1483,0.1963
homodimer,5,164901847,780,Mus musculus,1.0,0.0154,0.0321
homodimer,6,194884001,739,Dictyostelium discoideum,0.9919,0.0379,0.0474
homodimer,7,224866155,753,Homo sapiens,0.9987,0.0173,0.0637
homodimer,8,254848309,772,Zea mays,0.9987,0.0363,0.0648
homodimer,9,284830463,743,Glycine max,0.996,0.0485,0.0754
homodimer,10,314812618,711,Oryza sativa subsp. japonica,1.0,0.0338,0.0549
homodimer,11,344794772,777,Sus scrofa,0.9884,0.0309,0.0631
homodimer,12,374776926,718,Canis lupus familiaris,0.968,0.0362,0.071
homodimer,13,404759080,736,Triticum aestivum,0.9823,0.0666,0.1033
homodimer,14,434741234,728,Laccaria bicolor,0.9876,0.0371,0.0632
homodimer,15,464723388,782,Ovis aries,0.9847,0.0384,0.0742
homodimer,16,494705542,708,Oreochromis niloticus,0.8842,0.0636,0.0904
homodimer,17,524687696,724,Nicotiana tabacum,0.9972,0.0414,0.0856
homodimer,18,554669850,738,Xenopus laevis,0.9878,0.0203,0.042
homodimer,19,584652004,754,Aedes aegypti,0.866,0.0796,0.1034
homodimer,20,614634159,765,Bombyx mori,0.9987,0.0693,0.1033
homodimer,21,644616313,707,Rhynchophorus ferrugineus,0.9986,0.0467,0.058
homodimer,22,674598467,681,Vitis vinifera (Grape),0.8473,0.0455,0.0881
homodimer,23,704580621,734,Pseudonaja textilis,0.9959,0.0422,0.0913
homodimer,24,734562775,668,Arachis hypogaea (Peanut),0.997,0.0314,0.0509
homodimer,25,764544929,727,Oncorhynchus mykiss,0.978,0.055,0.088
homodimer,26,794527083,740,Pan troglodytes,0.9676,0.0243,0.0608
homodimer,27,824509237,715,Tuber melanosporum,0.9762,0.0713,0.0979
homodimer,28,854491391,760,Solanum tuberosum,0.975,0.0421,0.0618
homodimer,29,884473545,761,Magallana gigas,0.9737,0.0394,0.071
homodimer,30,914455700,754,Vicia faba,0.996,0.0517,0.0875
homodimer,31,944437854,688,Musa acuminata subsp. malaccensis,0.9767,0.0451,0.0814
homodimer,32,974420008,739,Aspergillus niger,0.9783,0.0988,0.1245
homodimer,33,1004402162,724,Araneus ventricosus,0.9669,0.0028,0.0138
homodimer,34,1034384316,730,Araneus ventricosus,0.9767,0.0055,0.0192
homodimer,35,1064366470,728,Juglans regia,0.9698,0.0398,0.0865
homodimer,36,1094348624,737,Camelus bactrianus,0.9824,0.0326,0.0868
homodimer,37,1124330778,729,Takifugu rubripes,0.9986,0.0645,0.1111
homodimer,38,1154312932,681,Actinoplanes teichomyceticus,1.0,0.2085,0.2658
homodimer,39,1184295086,738,Heterocephalus glaber,0.9986,0.0298,0.061
homodimer,40,1214277241,721,Brassica oleracea var. oleracea,1.0,0.0236,0.0472
homodimer,41,1244259395,751,Serinus canaria,1.0,0.0413,0.0759
homodimer,42,1274241549,692,Amblyomma americanum (Lone star tick),0.526,0.0202,0.039
homodimer,43,1304223703,707,Helianthus annuus,1.0,0.0212,0.0509
homodimer,44,1334205857,747,Anolis carolinensis,0.992,0.0268,0.0656
homodimer,45,1364188011,731,Physcomitrium patens,1.0,0.0424,0.0752
homodimer,46,1394170165,743,Chenopodium quinoa,0.9973,0.0431,0.0727
homodimer,47,1424152319,720,Strongylocentrotus purpuratus,0.9639,0.025,0.0556
homodimer,48,1454134473,730,Dermatophagoides farinae,1.0,0.0192,0.0466
homodimer,49,1484116627,741,Cyprinus carpio,0.9892,0.054,0.085
homodimer,50,1514098782,669,Rhinolophus ferrumequinum (Greater horseshoe bat),0.5426,0.0299,0.0732
homodimer,51,1544080936,668,Pelodiscus sinensis (Chinese softshell turtle) (Trionyx sinensis),0.503,0.0509,0.0898
homodimer,52,1574063090,656,Elaeis guineensis var. tenera (Oil palm),0.5595,0.0442,0.0945
homodimer,53,1604045244,653,Cervus elaphus hippelaphus (European red deer),0.3002,0.0597,0.0888
homodimer,54,1634027398,655,Gasterosteus aculeatus aculeatus (three-spined stickleback),0.5878,0.0412,0.084
homodimer,55,1664009552,637,Trichonephila clavipes (Golden silk orbweaver) (Nephila clavipes),0.5856,0.0031,0.0141
homodimer,56,1693991706,676,Scandinavium goeteborgense,1.0,0.2322,0.2722
homodimer,57,1723973860,712,Symbiodinium microadriaticum,0.9944,0.0042,0.0126
homodimer,58,1753956014,745,Meleagris gallopavo,0.9987,0.0376,0.0765
homodimer,59,1783938168,699,Nyctereutes procyonoides,0.9971,0.0329,0.0629
homodimer,60,1813920323,740,Lottia gigantea,0.9986,0.0459,0.0581
homodimer,61,1843902477,761,Meloidogyne incognita,0.9974,0.021,0.0434
homodimer,62,1873884631,719,Galemys pyrenaicus,0.9889,0.025,0.0529
homodimer,63,1903866785,720,Camelus dromedarius,0.9944,0.0306,0.0569
homodimer,64,1933848939,725,Tribolium castaneum,0.9972,0.0441,0.0593
homodimer,65,1963831093,626,Oncorhynchus kisutch (Coho salmon) (Salmo kisutch),0.9585,0.0511,0.099
homodimer,66,1993813247,692,Brettanomyces naardenensis,0.9668,0.1084,0.1301
homodimer,67,2023795401,723,Prunus persica,0.9613,0.0443,0.0954
homodimer,68,2053777555,699,Mycobacterium tuberculosis,0.97,0.1903,0.2418
homodimer,69,2083759709,711,Ambrosia artemisiifolia,0.9719,0.0323,0.0703
homodimer,70,2113741864,725,Bos mutus grunniens,0.9628,0.029,0.0607
homodimer,71,2143724018,701,Sparus aurata (Gilthead sea bream),0.5521,0.0485,0.0956
homodimer,72,2173706172,648,Portunus trituberculatus (Swimming crab) (Neptunus trituberculatus),0.5787,0.0015,0.0062
homodimer,73,2203688326,675,Camellia sinensis var. sinensis,1.0,0.0267,0.0637
homodimer,74,2233670480,750,Plasmodium gonderi,1.0,0.024,0.0427
homodimer,75,2263652634,723,Schizosaccharomyces japonicus,1.0,0.0526,0.0899
homodimer,76,2293634788,700,Halorarum salinum,1.0,0.24,0.2771
homodimer,77,2323616942,729,Artemisia annua,0.9986,0.0261,0.0576
homodimer,78,2353599096,707,Cyberlindnera jadinii,0.9958,0.1018,0.1301
homodimer,79,2383581250,708,Saponaria officinalis,0.9972,0.0466,0.0833
homodimer,80,2413563405,727,Acropora cervicornis,0.9972,0.0206,0.0316
homodimer,81,2443545559,723,Zingiber officinale,0.9972,0.0277,0.0512
homodimer,82,2473527713,769,Mus spicilegus,0.9987,0.0338,0.0741
homodimer,83,2503509867,727,Cucurbita maxima,0.9986,0.055,0.099
homodimer,84,2533492021,718,Asparagus officinalis,1.0,0.0279,0.0529
homodimer,85,2563474175,716,Aptenodytes forsteri,0.9972,0.0601,0.1006
homodimer,86,2593456329,744,Theobroma cacao,0.9973,0.0296,0.0618
homodimer,87,2623438483,749,Callithrix jacchus,0.9933,0.0307,0.0587
homodimer,88,2653420637,760,Setaria italica,0.9961,0.0355,0.0592
homodimer,89,2683402791,753,Trichomonas vaginalis,0.9987,0.0173,0.0252
homodimer,90,2713384946,739,Prymnesium parvum,0.9932,0.0433,0.0677
homodimer,91,2743367100,683,Cocos nucifera (Coconut palm),0.5813,0.0293,0.0747
homodimer,92,2773349254,726,Dicentrarchus labrax,0.9904,0.0331,0.1074
homodimer,93,2803331408,691,Mytilus galloprovincialis,0.8726,0.0145,0.042
homodimer,94,2833313562,728,Zalophus californianus,0.989,0.0412,0.0865
homodimer,95,2863295716,684,Callorhinchus milii (Ghost shark),0.6944,0.0731,0.0965
homodimer,96,2893277870,742,Glycine soja,0.996,0.0391,0.0674
homodimer,97,2923260024,686,Saccharopolyspora spinosa,0.9271,0.2522,0.2945
homodimer,98,2953242178,677,Ascaris lumbricoides (Giant roundworm),0.9985,0.0103,0.0295
homodimer,99,2983224332,705,Aegilops tauschii subsp. strangulata,0.9986,0.017,0.0426
homodimer,100,3013206487,707,Aegilops tauschii subsp. strangulata,0.9943,0.0311,0.0594
homodimer,101,3043188641,721,Ailuropoda melanoleuca,0.9889,0.0305,0.0791
homodimer,102,3073170795,686,Leptospira biflexa serovar Patoc,0.5219,0.1953,0.2478
homodimer,103,3103152949,717,Mugilogobius chulae,0.993,0.0195,0.046
homodimer,104,3133135103,720,Vitis vinifera,0.9958,0.0625,0.0972
homodimer,105,3163117257,712,Dioscorea zingiberensis,0.9522,0.0295,0.0674
homodimer,106,3193099411,721,Vanilla planifolia,0.9459,0.0347,0.0555
homodimer,107,3223081565,739,Crocodylus porosus,0.9878,0.0419,0.0798
homodimer,108,3253063719,725,Terrapene triunguis,0.9903,0.0386,0.0869
homodimer,109,3283045873,726,Lynx pardinus,0.989,0.0289,0.0744
homodimer,110,3313028028,720,Erysiphe neolycopersici,1.0,0.0347,0.0667
homodimer,111,3343010182,746,Quercus suber,0.9973,0.0255,0.0536
homodimer,112,3372992336,708,Teladorsagia circumcincta,0.9986,0.0071,0.0184
homodimer,113,3402974490,706,Batrachochytrium dendrobatidis,0.9929,0.0368,0.0666
homodimer,114,3432956644,759,Toxocara canis,0.9987,0.0277,0.0474
homodimer,115,3462938798,717,Ancylostoma ceylanicum,1.0,0.0209,0.0335
homodimer,116,3492920952,743,Tetraodon nigroviridis,0.9946,0.0417,0.0861
homodimer,117,3522903106,716,Cecembia lonarensis,1.0,0.2137,0.2346
homodimer,118,3552885260,722,Gorilla gorilla gorilla,0.9972,0.0305,0.054
homodimer,119,3582867414,720,Lymnaea stagnalis,0.9972,0.0486,0.0708
homodimer,120,3612849569,700,Champsocephalus gunnari,0.9957,0.0357,0.0714
homodimer,121,3642831723,732,Carnegiea gigantea,1.0,0.0219,0.0492
homodimer,122,3672813877,748,Anser cygnoides,0.9799,0.0495,0.0869
homodimer,123,3702796031,704,Darwinula stevensoni,1.0,0.0256,0.0511
homodimer,124,3732778185,703,Blautia wexlerae,0.7838,0.2219,0.2632
homodimer,125,3762760339,706,Gossypium tomentosum,1.0,0.0467,0.0722
homodimer,126,3792742493,735,Elysia chlorotica,0.9973,0.0354,0.0517
homodimer,127,3822724647,702,Enhydra lutris kenyoni,0.9915,0.0228,0.0584
homodimer,128,3852706801,755,Pan paniscus,0.9907,0.0252,0.0636
homodimer,129,3882688955,709,Aquilegia coerulea,0.9887,0.0367,0.0719
homodimer,130,3912671110,727,Nelumbo nucifera,0.9986,0.0426,0.0812
homodimer,131,3942653264,695,Streptomyces nodosus,1.0,0.2331,0.2892
homodimer,132,3972635418,677,Clostridium thermobutyricum,0.7356,0.1699,0.2053
homodimer,133,4002617572,687,Arabidopsis lyrata subsp. lyrata,0.9985,0.0349,0.0728
homodimer,134,4032599726,740,Caenorhabditis japonica,1.0,0.0257,0.0473
homodimer,135,4062581880,711,Ralstonia nicotianae,1.0,0.1913,0.2644
homodimer,136,4092564034,718,Tuber aestivum,0.9958,0.0724,0.0933
homodimer,137,4122546188,736,Clitoria ternatea,1.0,0.0516,0.0774
homodimer,138,4152528342,669,Petrolisthes manimaculis,1.0,0.0299,0.0598
homodimer,139,4182510496,721,Hibiscus trionum,1.0,0.0416,0.0818
homodimer,140,4212492651,597,Eschrichtius robustus (California gray whale) (Eschrichtius gibbosus),0.9079,0.0168,0.0352
homodimer,141,4242474805,756,Acrobeloides nanus,1.0,0.037,0.0529
homodimer,142,4272456959,726,Thlaspi arvense,1.0,0.0413,0.0702
homodimer,143,4302439113,738,Gekko japonicus,0.9946,0.0285,0.0732
homodimer,144,4332421267,736,Castor canadensis,0.9986,0.0272,0.0679
homodimer,145,4362403421,737,Varanus komodoensis,0.9837,0.0244,0.0529
homodimer,146,4392385575,742,Neovison vison,0.9852,0.0296,0.058
homodimer,147,4422367729,708,Oncorhynchus tshawytscha,0.9944,0.048,0.0918
homodimer,148,4452349883,645,Arabidopsis thaliana x Arabidopsis arenosa,1.0,0.0465,0.0884
homodimer,149,4482332037,733,Leishmania enriettii,1.0,0.03,0.0423
homodimer,150,4512314192,763,Cannabis sativa,0.9948,0.0393,0.0655
homodimer,151,4542296346,749,Quercus lobata,0.9947,0.0427,0.0774
homodimer,152,4572278500,741,Bison bison bison,0.9933,0.0391,0.0621
homodimer,153,4602260654,732,Chanos chanos,0.9918,0.0451,0.0997
homodimer,154,4632242808,767,Panagrellus redivivus,0.9961,0.0274,0.0469
homodimer,155,4662224962,729,Strigops habroptila,0.9918,0.0562,0.1043
homodimer,156,4692207116,719,Balaenoptera physalus,0.9986,0.0209,0.0348
homodimer,157,4722189270,704,Puccinia graminis f. sp. tritici,1.0,0.0199,0.0412
homodimer,158,4752171424,714,Temnothorax longispinosus,1.0,0.021,0.0462
homodimer,159,4782153578,706,Alternaria arborescens,1.0,0.1034,0.1501
homodimer,160,4812135733,674,Paenirhodobacter populi,1.0,0.2834,0.3249
homodimer,161,4842117887,767,Trifolium medium,1.0,0.0052,0.0091
homodimer,162,4872100041,756,Esox lucius,0.9907,0.0675,0.1019
homodimer,163,4902082195,750,Poecilia mexicana,1.0,0.04,0.092
homodimer,164,4932064349,588,Cynara cardunculus var. scolymus (Globe artichoke) (Cynara scolymus),0.9779,0.0289,0.0697
homodimer,165,4962046503,685,Phytophthora palmivora,1.0,0.0248,0.0365
homodimer,166,4992028657,634,Zymoseptoria tritici (strain ST99CH_3D7),0.9921,0.1151,0.1467
homodimer,167,5022010811,638,Hypsibius exemplaris (Freshwater tardigrade),0.9796,0.0282,0.0408
homodimer,168,5051992965,681,Acidithiobacillus ferrooxidans,1.0,0.1821,0.232
homodimer,169,5081975119,724,Leptomonas pyrrhocoris,0.9986,0.058,0.0787
homodimer,170,5111957274,716,Rhizophagus irregularis,0.9958,0.0209,0.0363
homodimer,171,5141939428,700,Pneumocystis jirovecii,0.5743,0.0986,0.13
homodimer,172,5171921582,746,Latimeria chalumnae,0.996,0.0442,0.0885
homodimer,173,5201903736,704,Flavobacterium frigoris,0.9986,0.2102,0.2429
homodimer,174,5231885890,738,Heterostelium pallidum,0.9892,0.0407,0.0596
homodimer,175,5261868044,691,Herbaspirillum seropedicae,1.0,0.2258,0.2952
homodimer,176,5291850198,723,Cherax quadricarinatus,0.9972,0.0235,0.0443
homodimer,177,5321832352,575,Lolium multiflorum (Italian ryegrass) (Lolium perenne subsp. multiflorum),0.9896,0.0122,0.0487
homodimer,178,5351814506,649,Cirrhinus molitorella (mud carp),0.9707,0.0385,0.0847
homodimer,179,5381796660,690,Linum tenue,1.0,0.0449,0.0652
homodimer,180,5411778815,642,Pleuronectes platessa (European plaice),0.9938,0.0171,0.0421
homodimer,181,5441760969,676,Penicillium citrinum,1.0,0.1627,0.2027
homodimer,182,5471743123,732,Cyprinus carpio carpio,1.0,0.026,0.0587
homodimer,183,5501725277,753,Nephila pilipes,1.0,0.0133,0.0239
homodimer,184,5531707431,708,Hymenochirus boettgeri,1.0,0.0537,0.0833
homodimer,185,5561689585,725,Solanum pennellii,0.9959,0.0607,0.1159
homodimer,186,5591671739,739,Sciurus vulgaris,0.9919,0.0244,0.0595
homodimer,187,5621653893,731,Nannospalax galili,0.9959,0.0451,0.0917
homodimer,188,5651636047,737,Coptis chinensis,1.0,0.0217,0.0448
homodimer,189,5681618201,680,Virgisporangium aurantiacum,1.0,0.2118,0.2441
homodimer,190,5711600356,729,Actinidia rufa,1.0,0.0233,0.0466
homodimer,191,5741582510,716,Dinoponera quadriceps,0.9972,0.0391,0.074
homodimer,192,5771564664,681,Arcanobacterium buesumense,1.0,0.2144,0.2614
homodimer,193,5801546818,723,Phytophthora fragariae,1.0,0.0124,0.0235
homodimer,194,5831528972,679,Triticum turgidum subsp. durum,1.0,0.0221,0.0427
homodimer,195,5861511126,682,Triticum turgidum subsp. durum,0.9971,0.0411,0.0718
homodimer,196,5891493280,763,Hucho hucho,0.9856,0.0419,0.0655
homodimer,197,5921475434,732,Malassezia restricta,0.9945,0.082,0.1107
homodimer,198,5951457588,726,Ancylostoma caninum,0.9986,0.0124,0.0303
homodimer,199,5981439742,722,Chlorella sorokiniana,0.9917,0.054,0.0859
heterodimer,0,6135070,626,4577,0.4089,0.008,0.0176
heterodimer,1,18405210,618,3847,1.0,0.0,0.0275
heterodimer,2,30675350,625,3847,1.0,0.0048,0.016
heterodimer,3,42945490,625,4577,0.3648,0.0128,0.0176
heterodimer,4,55215630,612,4577,0.701,0.0049,0.0065
heterodimer,5,67485770,616,3847,1.0,0.0032,0.013
heterodimer,6,79755910,614,39947,0.3404,0.0261,0.0163
heterodimer,7,92026050,592,39947,0.5794,0.0017,0.0034
heterodimer,8,104296190,592,39947,0.7027,0.0017,0.0084
heterodimer,9,116566330,631,3847,1.0,0.0032,0.0063
heterodimer,10,128836471,612,39947,0.5915,0.0016,0.0065
heterodimer,11,141106611,608,4577,0.9819,0.0049,0.0066
heterodimer,12,153376751,613,39947,1.0,0.0016,0.0098
heterodimer,13,165646891,617,3847,1.0,0.0049,0.0065
heterodimer,14,177917031,615,3847,1.0,0.0098,0.0033
heterodimer,15,190187171,619,3847,1.0,0.0016,0.0016
heterodimer,16,202457311,610,39947,0.6492,0.0049,0.0148
heterodimer,17,214727451,617,3847,1.0,0.0032,0.0065
heterodimer,18,226997591,608,39947,1.0,0.0016,0.0
heterodimer,19,239267732,614,3847,0.6857,0.0065,0.0098
heterodimer,20,251537872,607,39947,1.0,0.0,0.0016
heterodimer,21,263808012,619,3847,1.0,0.0048,0.0097
heterodimer,22,276078152,615,3847,0.8488,0.0016,0.0016
heterodimer,23,288348292,609,39947,1.0,0.0049,0.0099
heterodimer,24,300618432,613,3847,0.5644,0.0049,0.0049
heterodimer,25,312888572,606,4577,0.5149,0.005,0.0066
heterodimer,26,325158712,609,39947,0.7192,0.0016,0.0016
heterodimer,27,337428852,603,39947,1.0,0.0,0.0033
heterodimer,28,349698992,656,3702,0.4024,0.0168,0.0259
heterodimer,29,361969133,632,39947,0.5649,0.0142,0.0142
heterodimer,30,374239273,600,3847,1.0,0.0033,0.0067
heterodimer,31,386509413,619,3847,0.8465,0.0032,0.0065
heterodimer,32,398779553,608,39947,1.0,0.0099,0.0115
heterodimer,33,411049693,610,3847,1.0,0.0148,0.0164
heterodimer,34,423319833,588,3847,1.0,0.0,0.0
heterodimer,35,435589973,611,3847,0.964,0.0016,0.0016
heterodimer,36,447860113,597,3847,0.9916,0.0,0.0
heterodimer,37,460130253,667,3702,0.6327,0.0015,0.0
heterodimer,38,472400394,670,3702,0.5507,0.0015,0.0045
heterodimer,39,484670534,645,10116,0.8713,0.0093,0.0264
heterodimer,40,496940674,644,3702,0.8137,0.0031,0.0016
heterodimer,41,509210814,638,3702,0.3715,0.0094,0.0266
heterodimer,42,521480954,631,3702,0.412,0.0238,0.0317
heterodimer,43,533751094,619,3847,0.7399,0.0016,0.0162
heterodimer,44,546021234,620,3847,0.5516,0.0016,0.0048
heterodimer,45,558291374,607,3847,1.0,0.0033,0.0066
heterodimer,46,570561514,611,3847,1.0,0.0,0.0
heterodimer,47,582831654,629,3702,0.9634,0.0143,0.0175
heterodimer,48,595101795,623,3847,0.5602,0.0048,0.0032
heterodimer,49,607371935,608,3847,1.0,0.0049,0.0115
heterodimer,50,619642075,645,3702,0.6155,0.0047,0.0078
heterodimer,51,631912215,634,10116,0.5599,0.0158,0.0221
heterodimer,52,644182355,627,3702,0.4737,0.0223,0.0191
heterodimer,53,656452495,630,3702,0.3984,0.027,0.0286
heterodimer,54,668722635,639,3702,0.4085,0.011,0.011
heterodimer,55,680992775,618,10116,0.5259,0.0081,0.0065
heterodimer,56,693262915,643,3702,0.4432,0.0047,0.0047
heterodimer,57,705533056,632,3702,0.6693,0.0032,0.0063
heterodimer,58,717803196,606,3847,1.0,0.0083,0.005
heterodimer,59,730073336,604,3847,1.0,0.0149,0.0083
heterodimer,60,742343476,609,3847,1.0,0.0049,0.0016
heterodimer,61,754613616,608,3847,1.0,0.0099,0.0049
heterodimer,62,766883756,627,3702,0.6061,0.0048,0.0048
heterodimer,63,779153896,646,3702,0.4241,0.0031,0.0031
heterodimer,64,791424036,620,10090,0.4065,0.0113,0.0177
heterodimer,65,803694176,624,3847,0.734,0.0208,0.0
heterodimer,66,815964316,602,3847,0.8106,0.0033,0.01
heterodimer,67,828234457,620,10116,0.7452,0.0081,0.0145
heterodimer,68,840504597,592,353153,0.8953,0.0034,0.0236
heterodimer,69,852774737,636,3702,1.0,0.0079,0.0063
heterodimer,70,865044877,602,3847,1.0,0.005,0.0033
heterodimer,71,877315017,608,3847,1.0,0.0049,0.0049
heterodimer,72,889585157,604,3847,1.0,0.0017,0.0
heterodimer,73,901855297,609,100816,0.5829,0.0066,0.0213
heterodimer,74,914125437,620,6279,0.6016,0.0016,0.0065
heterodimer,75,926395577,587,353153,0.9267,0.0051,0.0034
heterodimer,76,938665718,633,447093,0.4692,0.0,0.0032
heterodimer,77,950935858,615,1133849,0.4081,0.0114,0.0146
heterodimer,78,963205998,607,353153,0.43,0.0066,0.0066
heterodimer,79,975476138,603,36087,0.7828,0.0066,0.01
heterodimer,80,987746278,604,318479,0.851,0.0116,0.0182
heterodimer,81,1000016418,619,1133849,0.3473,0.0145,0.0258
heterodimer,82,1012286558,625,1391915,0.4832,0.0064,0.0032
heterodimer,83,1024556698,625,6282,0.592,0.0112,0.0112
heterodimer,84,1036826838,598,318479,0.6722,0.0134,0.0167
heterodimer,85,1049096978,607,1391915,0.4349,0.0033,0.0099
heterodimer,86,1061367119,591,318479,1.0,0.0034,0.0085
heterodimer,87,1073637259,618,6183,0.3366,0.0129,0.0129
heterodimer,88,1085907399,640,6248,0.7297,0.0063,0.0109
heterodimer,89,1098177539,621,5671,0.57,0.0097,0.0161
heterodimer,90,1110447679,617,1125630,0.637,0.0194,0.0276
heterodimer,91,1122717819,617,447093,0.5673,0.0113,0.0162
heterodimer,92,1134987959,618,1133849,0.4013,0.0113,0.0146
heterodimer,93,1147258099,620,5671,0.6613,0.0065,0.0161
heterodimer,94,1159528239,620,6183,0.4274,0.0065,0.0032
heterodimer,95,1171798380,616,36087,0.5097,0.0097,0.0081
heterodimer,96,1184068520,620,1391915,0.5097,0.0032,0.0097
heterodimer,97,1196338660,622,6282,0.5997,0.008,0.0096
heterodimer,98,1208608800,618,1442368,0.4531,0.0081,0.0065
heterodimer,99,1220878940,589,318479,0.9915,0.0068,0.0051
heterodimer,100,1233149080,609,502779,0.5304,0.0066,0.0066
heterodimer,101,1245419220,609,6279,0.4565,0.0049,0.0049
heterodimer,102,1257689360,632,447093,0.3497,0.0063,0.0047
heterodimer,103,1269959500,625,1133849,0.664,0.0112,0.0176
heterodimer,104,1282229640,607,353153,0.3493,0.028,0.0231
heterodimer,105,1294499781,592,353153,0.5338,0.0068,0.0051
heterodimer,106,1306769921,601,36087,0.6306,0.0067,0.01
heterodimer,107,1319040061,580,353153,0.8517,0.0103,0.0103
heterodimer,108,1331310201,621,5671,0.5378,0.0064,0.0032
heterodimer,109,1343580341,597,36087,0.7437,0.0168,0.0151
heterodimer,110,1355850481,638,6248,0.8448,0.0047,0.0047
heterodimer,111,1368120621,617,185431,0.5721,0.0065,0.0049
heterodimer,112,1380390761,576,353153,0.9531,0.0035,0.0
heterodimer,113,1392660901,592,318479,0.8125,0.0084,0.0
heterodimer,114,1404931042,594,36087,0.5488,0.0152,0.0101
heterodimer,115,1417201182,592,1442368,0.6182,0.0101,0.0135
heterodimer,116,1429471322,584,318479,0.9863,0.0051,0.0068
heterodimer,117,1441741462,589,353153,0.4907,0.0102,0.0068
heterodimer,118,1454011602,599,36087,0.7262,0.0033,0.0067
heterodimer,119,1466281742,616,1133849,0.5731,0.0032,0.0032
heterodimer,120,1478551882,624,6279,0.4872,0.024,0.0096
heterodimer,121,1490822022,624,6183,0.6795,0.0112,0.008
heterodimer,122,1503092162,602,353153,0.4468,0.0033,0.0033
heterodimer,123,1515362302,634,6248,0.8533,0.0079,0.0016
heterodimer,124,1527632443,587,318479,0.7394,0.0,0.0034
heterodimer,125,1539902583,581,1391915,0.9312,0.0034,0.0017
heterodimer,126,1552172723,621,6248,0.4106,0.0097,0.0016
heterodimer,127,1564442863,602,3847,0.7027,0.0133,0.0017
heterodimer,128,1576713003,615,10090,0.4081,0.0049,0.0163
heterodimer,129,1588983143,610,10090,0.2705,0.0082,0.0066
heterodimer,130,1601253283,625,10090,0.432,0.008,0.0096
heterodimer,131,1613523423,618,3847,0.3819,0.0016,0.0032
heterodimer,132,1625793563,621,3702,0.3623,0.0129,0.0081
heterodimer,133,1638063704,614,3847,0.4984,0.0033,0.0033
heterodimer,134,1650333844,613,10090,0.4568,0.0114,0.0049
heterodimer,135,1662603984,620,10090,0.3645,0.0129,0.0081
heterodimer,136,1674874124,620,10090,0.3677,0.0113,0.0161
heterodimer,137,1687144264,615,3702,0.478,0.0098,0.0049
heterodimer,138,1699414404,607,3847,0.6656,0.0049,0.0016
heterodimer,139,1711684544,609,10090,0.5238,0.0016,0.0033
heterodimer,140,1723954684,593,3847,1.0,0.0051,0.0034
heterodimer,141,1736224824,597,3847,0.6566,0.0017,0.0017
heterodimer,142,1748494964,617,3847,0.4619,0.0049,0.0049
heterodimer,143,1760765105,609,3847,0.8522,0.0033,0.0049
heterodimer,144,1773035245,629,9606,0.6884,0.0016,0.0
heterodimer,145,1785305385,604,3847,0.8146,0.005,0.0017
heterodimer,146,1797575525,609,39947,0.5714,0.0115,0.0082
heterodimer,147,1809845665,627,9606,0.6029,0.0048,0.0
heterodimer,148,1822115805,614,7955,0.4772,0.0098,0.0049
heterodimer,149,1834385945,608,3847,0.9819,0.0181,0.0049
heterodimer,150,1846656085,604,3847,1.0,0.005,0.0066
heterodimer,151,1858926225,602,3847,0.5914,0.0133,0.0033
heterodimer,152,1871196366,639,4577,0.2457,0.0,0.0016
heterodimer,153,1883466506,634,9606,0.5158,0.0032,0.0126
heterodimer,154,1895736646,637,9606,0.5196,0.0031,0.0141
heterodimer,155,1908006786,661,9606,0.3661,0.0045,0.0061
heterodimer,156,1920276926,632,9606,0.5759,0.0174,0.0237
heterodimer,157,1932547066,646,9606,0.4396,0.0031,0.0155
heterodimer,158,1944817206,653,9606,0.4426,0.0,0.0
heterodimer,159,1957087346,636,9606,0.511,0.0142,0.033
heterodimer,160,1969357486,636,4577,0.7311,0.0031,0.0063
heterodimer,161,1981627626,634,9606,0.5757,0.011,0.0174
heterodimer,162,1993897767,625,7955,0.4128,0.0112,0.016
heterodimer,163,2006167907,631,6239,0.3867,0.0079,0.0032
heterodimer,164,2018438047,639,9606,0.3318,0.0031,0.0016
heterodimer,165,2030708187,637,9606,0.6279,0.0047,0.0094
heterodimer,166,2042978327,638,9606,0.5423,0.0063,0.0157
heterodimer,167,2055248467,633,9606,0.5972,0.0411,0.0474
heterodimer,168,2067518607,640,9606,0.5031,0.0047,0.0078
heterodimer,169,2079788747,631,4577,0.4596,0.0095,0.0143
heterodimer,170,2092058887,635,9606,0.5213,0.022,0.0079
heterodimer,171,2104329028,636,9606,0.3774,0.0173,0.0157
heterodimer,172,2116599168,638,9606,0.5611,0.0016,0.0063
heterodimer,173,2128869308,636,9606,0.6132,0.0094,0.0094
heterodimer,174,2141139448,635,9606,0.3008,0.0094,0.0094
heterodimer,175,2153409588,632,9606,0.6551,0.0063,0.0158
heterodimer,176,2165679728,632,9606,0.6487,0.0047,0.0079
heterodimer,177,2177949868,637,9606,0.5651,0.0031,0.0016
heterodimer,178,2190220008,636,9606,0.6368,0.0063,0.0
heterodimer,179,2202490148,627,9606,0.5837,0.0064,0.0032
heterodimer,180,2214760288,624,9606,0.6571,0.0048,0.0032
heterodimer,181,2227030429,624,9606,0.6923,0.0272,0.0208
heterodimer,182,2239300569,627,9606,0.6316,0.0016,0.0048
heterodimer,183,2251570709,623,7955,0.6613,0.0128,0.0161
heterodimer,184,2263840849,617,4577,0.3501,0.0065,0.0049
heterodimer,185,2276110989,616,3847,1.0,0.0065,0.0097
heterodimer,186,2288381129,613,7955,0.6591,0.0016,0.0147
heterodimer,187,2300651269,611,3847,1.0,0.0049,0.0049
heterodimer,188,2312921409,613,3847,0.5155,0.0033,0.0049
heterodimer,189,2325191549,613,3847,0.7863,0.0016,0.0098
heterodimer,190,2337461690,617,3847,1.0,0.0049,0.0081
heterodimer,191,2349731830,630,39947,0.6778,0.0079,0.0175
heterodimer,192,2362001970,608,3847,0.5493,0.0049,0.0099
heterodimer,193,2374272110,614,3847,1.0,0.0065,0.0098
heterodimer,194,2386542250,619,3847,1.0,0.0048,0.0081
heterodimer,195,2398812390,607,39947,1.0,0.0066,0.0049
heterodimer,196,2411082530,615,3847,1.0,0.0033,0.0081
heterodimer,197,2423352670,615,3847,1.0,0.0098,0.0114
heterodimer,198,2435622810,609,3847,0.5074,0.0082,0.0099
heterodimer,199,2447892950,658,99287,0.1201,0.0137,0.0152
